0          References for Cross Section of 34SO3        
Sander 2011
0 Branching ratio for 34SO3      Total        1 branches
Lambda Total 34SO2/O 
1900  8.78E-19  8.78E-19
1900.5  8.76E-19  8.76E-19
1901  8.74E-19  8.74E-19
1901.5  8.72E-19  8.72E-19
1902  8.70E-19  8.70E-19
1902.5  8.69E-19  8.69E-19
1903  8.67E-19  8.67E-19
1903.5  8.65E-19  8.65E-19
1904  8.63E-19  8.63E-19
1904.5  8.61E-19  8.61E-19
1905  8.59E-19  8.59E-19
1905.5  8.57E-19  8.57E-19
1906  8.55E-19  8.55E-19
1906.5  8.53E-19  8.53E-19
1907  8.51E-19  8.51E-19
1907.5  8.50E-19  8.50E-19
1908  8.48E-19  8.48E-19
1908.5  8.46E-19  8.46E-19
1909  8.44E-19  8.44E-19
1909.5  8.42E-19  8.42E-19
1910  8.40E-19  8.40E-19
1910.5  8.38E-19  8.38E-19
1911  8.36E-19  8.36E-19
1911.5  8.34E-19  8.34E-19
1912  8.32E-19  8.32E-19
1912.5  8.31E-19  8.31E-19
1913  8.29E-19  8.29E-19
1913.5  8.27E-19  8.27E-19
1914  8.25E-19  8.25E-19
1914.5  8.23E-19  8.23E-19
1915  8.21E-19  8.21E-19
1915.5  8.19E-19  8.19E-19
1916  8.17E-19  8.17E-19
1916.5  8.15E-19  8.15E-19
1917  8.13E-19  8.13E-19
1917.5  8.12E-19  8.12E-19
1918  8.10E-19  8.10E-19
1918.5  8.08E-19  8.08E-19
1919  8.06E-19  8.06E-19
1919.5  8.04E-19  8.04E-19
1920  8.02E-19  8.02E-19
1920.5  8.01E-19  8.01E-19
1921  7.99E-19  7.99E-19
1921.5  7.98E-19  7.98E-19
1922  7.97E-19  7.97E-19
1922.5  7.96E-19  7.96E-19
1923  7.94E-19  7.94E-19
1923.5  7.93E-19  7.93E-19
1924  7.92E-19  7.92E-19
1924.5  7.90E-19  7.90E-19
1925  7.89E-19  7.89E-19
1925.5  7.88E-19  7.88E-19
1926  7.86E-19  7.86E-19
1926.5  7.85E-19  7.85E-19
1927  7.84E-19  7.84E-19
1927.5  7.83E-19  7.83E-19
1928  7.81E-19  7.81E-19
1928.5  7.80E-19  7.80E-19
1929  7.79E-19  7.79E-19
1929.5  7.77E-19  7.77E-19
1930  7.76E-19  7.76E-19
1930.5  7.75E-19  7.75E-19
1931  7.73E-19  7.73E-19
1931.5  7.72E-19  7.72E-19
1932  7.71E-19  7.71E-19
1932.5  7.70E-19  7.70E-19
1933  7.68E-19  7.68E-19
1933.5  7.67E-19  7.67E-19
1934  7.66E-19  7.66E-19
1934.5  7.64E-19  7.64E-19
1935  7.63E-19  7.63E-19
1935.5  7.62E-19  7.62E-19
1936  7.60E-19  7.60E-19
1936.5  7.59E-19  7.59E-19
1937  7.58E-19  7.58E-19
1937.5  7.57E-19  7.57E-19
1938  7.55E-19  7.55E-19
1938.5  7.54E-19  7.54E-19
1939  7.53E-19  7.53E-19
1939.5  7.51E-19  7.51E-19
1940  7.50E-19  7.50E-19
1940.5  7.51E-19  7.51E-19
1941  7.52E-19  7.52E-19
1941.5  7.53E-19  7.53E-19
1942  7.54E-19  7.54E-19
1942.5  7.56E-19  7.56E-19
1943  7.57E-19  7.57E-19
1943.5  7.58E-19  7.58E-19
1944  7.59E-19  7.59E-19
1944.5  7.60E-19  7.60E-19
1945  7.61E-19  7.61E-19
1945.5  7.62E-19  7.62E-19
1946  7.63E-19  7.63E-19
1946.5  7.64E-19  7.64E-19
1947  7.65E-19  7.65E-19
1947.5  7.67E-19  7.67E-19
1948  7.68E-19  7.68E-19
1948.5  7.69E-19  7.69E-19
1949  7.70E-19  7.70E-19
1949.5  7.71E-19  7.71E-19
1950  7.72E-19  7.72E-19
1950.5  7.73E-19  7.73E-19
1951  7.74E-19  7.74E-19
1951.5  7.75E-19  7.75E-19
1952  7.76E-19  7.76E-19
1952.5  7.78E-19  7.78E-19
1953  7.79E-19  7.79E-19
1953.5  7.80E-19  7.80E-19
1954  7.81E-19  7.81E-19
1954.5  7.82E-19  7.82E-19
1955  7.83E-19  7.83E-19
1955.5  7.84E-19  7.84E-19
1956  7.85E-19  7.85E-19
1956.5  7.86E-19  7.86E-19
1957  7.87E-19  7.87E-19
1957.5  7.89E-19  7.89E-19
1958  7.90E-19  7.90E-19
1958.5  7.91E-19  7.91E-19
1959  7.92E-19  7.92E-19
1959.5  7.93E-19  7.93E-19
1960  7.94E-19  7.94E-19
1960.5  7.93E-19  7.93E-19
1961  7.93E-19  7.93E-19
1961.5  7.92E-19  7.92E-19
1962  7.91E-19  7.91E-19
1962.5  7.91E-19  7.91E-19
1963  7.90E-19  7.90E-19
1963.5  7.89E-19  7.89E-19
1964  7.89E-19  7.89E-19
1964.5  7.88E-19  7.88E-19
1965  7.88E-19  7.88E-19
1965.5  7.87E-19  7.87E-19
1966  7.86E-19  7.86E-19
1966.5  7.86E-19  7.86E-19
1967  7.85E-19  7.85E-19
1967.5  7.84E-19  7.84E-19
1968  7.84E-19  7.84E-19
1968.5  7.83E-19  7.83E-19
1969  7.82E-19  7.82E-19
1969.5  7.82E-19  7.82E-19
1970  7.81E-19  7.81E-19
1970.5  7.80E-19  7.80E-19
1971  7.80E-19  7.80E-19
1971.5  7.79E-19  7.79E-19
1972  7.78E-19  7.78E-19
1972.5  7.78E-19  7.78E-19
1973  7.77E-19  7.77E-19
1973.5  7.76E-19  7.76E-19
1974  7.76E-19  7.76E-19
1974.5  7.75E-19  7.75E-19
1975  7.75E-19  7.75E-19
1975.5  7.74E-19  7.74E-19
1976  7.73E-19  7.73E-19
1976.5  7.73E-19  7.73E-19
1977  7.72E-19  7.72E-19
1977.5  7.71E-19  7.71E-19
1978  7.71E-19  7.71E-19
1978.5  7.70E-19  7.70E-19
1979  7.69E-19  7.69E-19
1979.5  7.69E-19  7.69E-19
1980  7.68E-19  7.68E-19
1980.5  7.67E-19  7.67E-19
1981  7.66E-19  7.66E-19
1981.5  7.65E-19  7.65E-19
1982  7.64E-19  7.64E-19
1982.5  7.64E-19  7.64E-19
1983  7.63E-19  7.63E-19
1983.5  7.62E-19  7.62E-19
1984  7.61E-19  7.61E-19
1984.5  7.60E-19  7.60E-19
1985  7.59E-19  7.59E-19
1985.5  7.58E-19  7.58E-19
1986  7.57E-19  7.57E-19
1986.5  7.56E-19  7.56E-19
1987  7.55E-19  7.55E-19
1987.5  7.55E-19  7.55E-19
1988  7.54E-19  7.54E-19
1988.5  7.53E-19  7.53E-19
1989  7.52E-19  7.52E-19
1989.5  7.51E-19  7.51E-19
1990  7.50E-19  7.50E-19
1990.5  7.49E-19  7.49E-19
1991  7.48E-19  7.48E-19
1991.5  7.47E-19  7.47E-19
1992  7.46E-19  7.46E-19
1992.5  7.46E-19  7.46E-19
1993  7.45E-19  7.45E-19
1993.5  7.44E-19  7.44E-19
1994  7.43E-19  7.43E-19
1994.5  7.42E-19  7.42E-19
1995  7.41E-19  7.41E-19
1995.5  7.40E-19  7.40E-19
1996  7.39E-19  7.39E-19
1996.5  7.38E-19  7.38E-19
1997  7.37E-19  7.37E-19
1997.5  7.37E-19  7.37E-19
1998  7.36E-19  7.36E-19
1998.5  7.35E-19  7.35E-19
1999  7.34E-19  7.34E-19
1999.5  7.33E-19  7.33E-19
2000  7.32E-19  7.32E-19
2000.5  7.31E-19  7.31E-19
2001  7.30E-19  7.30E-19
2001.5  7.29E-19  7.29E-19
2002  7.28E-19  7.28E-19
2002.5  7.27E-19  7.27E-19
2003  7.26E-19  7.26E-19
2003.5  7.25E-19  7.25E-19
2004  7.24E-19  7.24E-19
2004.5  7.23E-19  7.23E-19
2005  7.22E-19  7.22E-19
2005.5  7.21E-19  7.21E-19
2006  7.20E-19  7.20E-19
2006.5  7.19E-19  7.19E-19
2007  7.18E-19  7.18E-19
2007.5  7.17E-19  7.17E-19
2008  7.16E-19  7.16E-19
2008.5  7.15E-19  7.15E-19
2009  7.14E-19  7.14E-19
2009.5  7.13E-19  7.13E-19
2010  7.12E-19  7.12E-19
2010.5  7.10E-19  7.10E-19
2011  7.09E-19  7.09E-19
2011.5  7.08E-19  7.08E-19
2012  7.07E-19  7.07E-19
2012.5  7.06E-19  7.06E-19
2013  7.05E-19  7.05E-19
2013.5  7.04E-19  7.04E-19
2014  7.03E-19  7.03E-19
2014.5  7.02E-19  7.02E-19
2015  7.01E-19  7.01E-19
2015.5  7.00E-19  7.00E-19
2016  6.99E-19  6.99E-19
2016.5  6.98E-19  6.98E-19
2017  6.97E-19  6.97E-19
2017.5  6.96E-19  6.96E-19
2018  6.95E-19  6.95E-19
2018.5  6.94E-19  6.94E-19
2019  6.93E-19  6.93E-19
2019.5  6.92E-19  6.92E-19
2020  6.91E-19  6.91E-19
2020.5  6.90E-19  6.90E-19
2021  6.89E-19  6.89E-19
2021.5  6.88E-19  6.88E-19
2022  6.86E-19  6.86E-19
2022.5  6.85E-19  6.85E-19
2023  6.84E-19  6.84E-19
2023.5  6.83E-19  6.83E-19
2024  6.82E-19  6.82E-19
2024.5  6.81E-19  6.81E-19
2025  6.80E-19  6.80E-19
2025.5  6.78E-19  6.78E-19
2026  6.77E-19  6.77E-19
2026.5  6.76E-19  6.76E-19
2027  6.75E-19  6.75E-19
2027.5  6.74E-19  6.74E-19
2028  6.73E-19  6.73E-19
2028.5  6.71E-19  6.71E-19
2029  6.70E-19  6.70E-19
2029.5  6.69E-19  6.69E-19
2030  6.68E-19  6.68E-19
2030.5  6.67E-19  6.67E-19
2031  6.66E-19  6.66E-19
2031.5  6.65E-19  6.65E-19
2032  6.63E-19  6.63E-19
2032.5  6.62E-19  6.62E-19
2033  6.61E-19  6.61E-19
2033.5  6.60E-19  6.60E-19
2034  6.59E-19  6.59E-19
2034.5  6.58E-19  6.58E-19
2035  6.57E-19  6.57E-19
2035.5  6.55E-19  6.55E-19
2036  6.54E-19  6.54E-19
2036.5  6.53E-19  6.53E-19
2037  6.52E-19  6.52E-19
2037.5  6.51E-19  6.51E-19
2038  6.50E-19  6.50E-19
2038.5  6.48E-19  6.48E-19
2039  6.47E-19  6.47E-19
2039.5  6.46E-19  6.46E-19
2040  6.45E-19  6.45E-19
2040.5  6.44E-19  6.44E-19
2041  6.42E-19  6.42E-19
2041.5  6.41E-19  6.41E-19
2042  6.39E-19  6.39E-19
2042.5  6.38E-19  6.38E-19
2043  6.36E-19  6.36E-19
2043.5  6.35E-19  6.35E-19
2044  6.34E-19  6.34E-19
2044.5  6.32E-19  6.32E-19
2045  6.31E-19  6.31E-19
2045.5  6.29E-19  6.29E-19
2046  6.28E-19  6.28E-19
2046.5  6.26E-19  6.26E-19
2047  6.25E-19  6.25E-19
2047.5  6.24E-19  6.24E-19
2048  6.22E-19  6.22E-19
2048.5  6.21E-19  6.21E-19
2049  6.19E-19  6.19E-19
2049.5  6.18E-19  6.18E-19
2050  6.17E-19  6.17E-19
2050.5  6.15E-19  6.15E-19
2051  6.14E-19  6.14E-19
2051.5  6.12E-19  6.12E-19
2052  6.11E-19  6.11E-19
2052.5  6.09E-19  6.09E-19
2053  6.08E-19  6.08E-19
2053.5  6.07E-19  6.07E-19
2054  6.05E-19  6.05E-19
2054.5  6.04E-19  6.04E-19
2055  6.02E-19  6.02E-19
2055.5  6.01E-19  6.01E-19
2056  5.99E-19  5.99E-19
2056.5  5.98E-19  5.98E-19
2057  5.97E-19  5.97E-19
2057.5  5.95E-19  5.95E-19
2058  5.94E-19  5.94E-19
2058.5  5.92E-19  5.92E-19
2059  5.91E-19  5.91E-19
2059.5  5.89E-19  5.89E-19
2060  5.88E-19  5.88E-19
2060.5  5.86E-19  5.86E-19
2061  5.85E-19  5.85E-19
2061.5  5.83E-19  5.83E-19
2062  5.82E-19  5.82E-19
2062.5  5.80E-19  5.80E-19
2063  5.79E-19  5.79E-19
2063.5  5.77E-19  5.77E-19
2064  5.76E-19  5.76E-19
2064.5  5.74E-19  5.74E-19
2065  5.73E-19  5.73E-19
2065.5  5.71E-19  5.71E-19
2066  5.69E-19  5.69E-19
2066.5  5.68E-19  5.68E-19
2067  5.66E-19  5.66E-19
2067.5  5.65E-19  5.65E-19
2068  5.63E-19  5.63E-19
2068.5  5.62E-19  5.62E-19
2069  5.60E-19  5.60E-19
2069.5  5.59E-19  5.59E-19
2070  5.57E-19  5.57E-19
2070.5  5.55E-19  5.55E-19
2071  5.54E-19  5.54E-19
2071.5  5.52E-19  5.52E-19
2072  5.51E-19  5.51E-19
2072.5  5.49E-19  5.49E-19
2073  5.48E-19  5.48E-19
2073.5  5.46E-19  5.46E-19
2074  5.45E-19  5.45E-19
2074.5  5.43E-19  5.43E-19
2075  5.42E-19  5.42E-19
2075.5  5.40E-19  5.40E-19
2076  5.38E-19  5.38E-19
2076.5  5.37E-19  5.37E-19
2077  5.35E-19  5.35E-19
2077.5  5.34E-19  5.34E-19
2078  5.32E-19  5.32E-19
2078.5  5.31E-19  5.31E-19
2079  5.29E-19  5.29E-19
2079.5  5.28E-19  5.28E-19
2080  5.26E-19  5.26E-19
2080.5  5.24E-19  5.24E-19
2081  5.23E-19  5.23E-19
2081.5  5.21E-19  5.21E-19
2082  5.20E-19  5.20E-19
2082.5  5.18E-19  5.18E-19
2083  5.17E-19  5.17E-19
2083.5  5.15E-19  5.15E-19
2084  5.14E-19  5.14E-19
2084.5  5.12E-19  5.12E-19
2085  5.11E-19  5.11E-19
2085.5  5.09E-19  5.09E-19
2086  5.07E-19  5.07E-19
2086.5  5.06E-19  5.06E-19
2087  5.04E-19  5.04E-19
2087.5  5.03E-19  5.03E-19
2088  5.01E-19  5.01E-19
2088.5  5.00E-19  5.00E-19
2089  4.98E-19  4.98E-19
2089.5  4.97E-19  4.97E-19
2090  4.95E-19  4.95E-19
2090.5  4.93E-19  4.93E-19
2091  4.92E-19  4.92E-19
2091.5  4.90E-19  4.90E-19
2092  4.89E-19  4.89E-19
2092.5  4.87E-19  4.87E-19
2093  4.86E-19  4.86E-19
2093.5  4.84E-19  4.84E-19
2094  4.83E-19  4.83E-19
2094.5  4.81E-19  4.81E-19
2095  4.80E-19  4.80E-19
2095.5  4.78E-19  4.78E-19
2096  4.76E-19  4.76E-19
2096.5  4.75E-19  4.75E-19
2097  4.73E-19  4.73E-19
2097.5  4.72E-19  4.72E-19
2098  4.70E-19  4.70E-19
2098.5  4.69E-19  4.69E-19
2099  4.67E-19  4.67E-19
2099.5  4.66E-19  4.66E-19
2100  4.64E-19  4.64E-19
2100.5  4.62E-19  4.62E-19
2101  4.61E-19  4.61E-19
2101.5  4.59E-19  4.59E-19
2102  4.58E-19  4.58E-19
2102.5  4.56E-19  4.56E-19
2103  4.54E-19  4.54E-19
2103.5  4.53E-19  4.53E-19
2104  4.51E-19  4.51E-19
2104.5  4.50E-19  4.50E-19
2105  4.48E-19  4.48E-19
2105.5  4.46E-19  4.46E-19
2106  4.45E-19  4.45E-19
2106.5  4.43E-19  4.43E-19
2107  4.42E-19  4.42E-19
2107.5  4.40E-19  4.40E-19
2108  4.38E-19  4.38E-19
2108.5  4.37E-19  4.37E-19
2109  4.35E-19  4.35E-19
2109.5  4.34E-19  4.34E-19
2110  4.32E-19  4.32E-19
2110.5  4.30E-19  4.30E-19
2111  4.29E-19  4.29E-19
2111.5  4.27E-19  4.27E-19
2112  4.26E-19  4.26E-19
2112.5  4.24E-19  4.24E-19
2113  4.22E-19  4.22E-19
2113.5  4.21E-19  4.21E-19
2114  4.19E-19  4.19E-19
2114.5  4.18E-19  4.18E-19
2115  4.16E-19  4.16E-19
2115.5  4.14E-19  4.14E-19
2116  4.13E-19  4.13E-19
2116.5  4.11E-19  4.11E-19
2117  4.10E-19  4.10E-19
2117.5  4.08E-19  4.08E-19
2118  4.06E-19  4.06E-19
2118.5  4.05E-19  4.05E-19
2119  4.03E-19  4.03E-19
2119.5  4.02E-19  4.02E-19
2120  4.00E-19  4.00E-19
2120.5  3.98E-19  3.98E-19
2121  3.97E-19  3.97E-19
2121.5  3.95E-19  3.95E-19
2122  3.94E-19  3.94E-19
2122.5  3.92E-19  3.92E-19
2123  3.91E-19  3.91E-19
2123.5  3.89E-19  3.89E-19
2124  3.88E-19  3.88E-19
2124.5  3.86E-19  3.86E-19
2125  3.85E-19  3.85E-19
2125.5  3.83E-19  3.83E-19
2126  3.82E-19  3.82E-19
2126.5  3.80E-19  3.80E-19
2127  3.79E-19  3.79E-19
2127.5  3.77E-19  3.77E-19
2128  3.76E-19  3.76E-19
2128.5  3.74E-19  3.74E-19
2129  3.73E-19  3.73E-19
2129.5  3.71E-19  3.71E-19
2130  3.70E-19  3.70E-19
2130.5  3.68E-19  3.68E-19
2131  3.66E-19  3.66E-19
2131.5  3.65E-19  3.65E-19
2132  3.63E-19  3.63E-19
2132.5  3.62E-19  3.62E-19
2133  3.60E-19  3.60E-19
2133.5  3.59E-19  3.59E-19
2134  3.57E-19  3.57E-19
2134.5  3.56E-19  3.56E-19
2135  3.54E-19  3.54E-19
2135.5  3.53E-19  3.53E-19
2136  3.51E-19  3.51E-19
2136.5  3.50E-19  3.50E-19
2137  3.48E-19  3.48E-19
2137.5  3.47E-19  3.47E-19
2138  3.45E-19  3.45E-19
2138.5  3.44E-19  3.44E-19
2139  3.42E-19  3.42E-19
2139.5  3.41E-19  3.41E-19
2140  3.39E-19  3.39E-19
2140.5  3.38E-19  3.38E-19
2141  3.36E-19  3.36E-19
2141.5  3.35E-19  3.35E-19
2142  3.33E-19  3.33E-19
2142.5  3.32E-19  3.32E-19
2143  3.31E-19  3.31E-19
2143.5  3.29E-19  3.29E-19
2144  3.28E-19  3.28E-19
2144.5  3.26E-19  3.26E-19
2145  3.25E-19  3.25E-19
2145.5  3.24E-19  3.24E-19
2146  3.22E-19  3.22E-19
2146.5  3.21E-19  3.21E-19
2147  3.19E-19  3.19E-19
2147.5  3.18E-19  3.18E-19
2148  3.17E-19  3.17E-19
2148.5  3.15E-19  3.15E-19
2149  3.14E-19  3.14E-19
2149.5  3.12E-19  3.12E-19
2150  3.11E-19  3.11E-19
2150.5  3.10E-19  3.10E-19
2151  3.08E-19  3.08E-19
2151.5  3.07E-19  3.07E-19
2152  3.05E-19  3.05E-19
2152.5  3.04E-19  3.04E-19
2153  3.03E-19  3.03E-19
2153.5  3.01E-19  3.01E-19
2154  3.00E-19  3.00E-19
2154.5  2.98E-19  2.98E-19
2155  2.97E-19  2.97E-19
2155.5  2.96E-19  2.96E-19
2156  2.94E-19  2.94E-19
2156.5  2.93E-19  2.93E-19
2157  2.91E-19  2.91E-19
2157.5  2.90E-19  2.90E-19
2158  2.89E-19  2.89E-19
2158.5  2.87E-19  2.87E-19
2159  2.86E-19  2.86E-19
2159.5  2.84E-19  2.84E-19
2160  2.83E-19  2.83E-19
2160.5  2.82E-19  2.82E-19
2161  2.81E-19  2.81E-19
2161.5  2.79E-19  2.79E-19
2162  2.78E-19  2.78E-19
2162.5  2.77E-19  2.77E-19
2163  2.76E-19  2.76E-19
2163.5  2.74E-19  2.74E-19
2164  2.73E-19  2.73E-19
2164.5  2.72E-19  2.72E-19
2165  2.71E-19  2.71E-19
2165.5  2.69E-19  2.69E-19
2166  2.68E-19  2.68E-19
2166.5  2.67E-19  2.67E-19
2167  2.66E-19  2.66E-19
2167.5  2.64E-19  2.64E-19
2168  2.63E-19  2.63E-19
2168.5  2.62E-19  2.62E-19
2169  2.61E-19  2.61E-19
2169.5  2.59E-19  2.59E-19
2170  2.58E-19  2.58E-19
2170.5  2.57E-19  2.57E-19
2171  2.56E-19  2.56E-19
2171.5  2.54E-19  2.54E-19
2172  2.53E-19  2.53E-19
2172.5  2.52E-19  2.52E-19
2173  2.51E-19  2.51E-19
2173.5  2.49E-19  2.49E-19
2174  2.48E-19  2.48E-19
2174.5  2.47E-19  2.47E-19
2175  2.46E-19  2.46E-19
2175.5  2.44E-19  2.44E-19
2176  2.43E-19  2.43E-19
2176.5  2.42E-19  2.42E-19
2177  2.41E-19  2.41E-19
2177.5  2.39E-19  2.39E-19
2178  2.38E-19  2.38E-19
2178.5  2.37E-19  2.37E-19
2179  2.36E-19  2.36E-19
2179.5  2.34E-19  2.34E-19
2180  2.33E-19  2.33E-19
2180.5  2.32E-19  2.32E-19
2181  2.31E-19  2.31E-19
2181.5  2.30E-19  2.30E-19
2182  2.29E-19  2.29E-19
2182.5  2.28E-19  2.28E-19
2183  2.27E-19  2.27E-19
2183.5  2.26E-19  2.26E-19
2184  2.25E-19  2.25E-19
2184.5  2.24E-19  2.24E-19
2185  2.23E-19  2.23E-19
2185.5  2.21E-19  2.21E-19
2186  2.20E-19  2.20E-19
2186.5  2.19E-19  2.19E-19
2187  2.18E-19  2.18E-19
2187.5  2.17E-19  2.17E-19
2188  2.16E-19  2.16E-19
2188.5  2.15E-19  2.15E-19
2189  2.14E-19  2.14E-19
2189.5  2.13E-19  2.13E-19
2190  2.12E-19  2.12E-19
2190.5  2.11E-19  2.11E-19
2191  2.10E-19  2.10E-19
2191.5  2.09E-19  2.09E-19
2192  2.08E-19  2.08E-19
2192.5  2.07E-19  2.07E-19
2193  2.06E-19  2.06E-19
2193.5  2.05E-19  2.05E-19
2194  2.04E-19  2.04E-19
2194.5  2.03E-19  2.03E-19
2195  2.02E-19  2.02E-19
2195.5  2.00E-19  2.00E-19
2196  1.99E-19  1.99E-19
2196.5  1.98E-19  1.98E-19
2197  1.97E-19  1.97E-19
2197.5  1.96E-19  1.96E-19
2198  1.95E-19  1.95E-19
2198.5  1.94E-19  1.94E-19
2199  1.93E-19  1.93E-19
2199.5  1.92E-19  1.92E-19
2200  1.91E-19  1.91E-19
2200.5  1.90E-19  1.90E-19
2201  1.89E-19  1.89E-19
2201.5  1.88E-19  1.88E-19
2202  1.88E-19  1.88E-19
2202.5  1.87E-19  1.87E-19
2203  1.86E-19  1.86E-19
2203.5  1.85E-19  1.85E-19
2204  1.84E-19  1.84E-19
2204.5  1.83E-19  1.83E-19
2205  1.82E-19  1.82E-19
2205.5  1.81E-19  1.81E-19
2206  1.81E-19  1.81E-19
2206.5  1.80E-19  1.80E-19
2207  1.79E-19  1.79E-19
2207.5  1.78E-19  1.78E-19
2208  1.77E-19  1.77E-19
2208.5  1.76E-19  1.76E-19
2209  1.75E-19  1.75E-19
2209.5  1.74E-19  1.74E-19
2210  1.74E-19  1.74E-19
2210.5  1.73E-19  1.73E-19
2211  1.72E-19  1.72E-19
2211.5  1.71E-19  1.71E-19
2212  1.70E-19  1.70E-19
2212.5  1.69E-19  1.69E-19
2213  1.68E-19  1.68E-19
2213.5  1.67E-19  1.67E-19
2214  1.67E-19  1.67E-19
2214.5  1.66E-19  1.66E-19
2215  1.65E-19  1.65E-19
2215.5  1.64E-19  1.64E-19
2216  1.63E-19  1.63E-19
2216.5  1.62E-19  1.62E-19
2217  1.61E-19  1.61E-19
2217.5  1.60E-19  1.60E-19
2218  1.60E-19  1.60E-19
2218.5  1.59E-19  1.59E-19
2219  1.58E-19  1.58E-19
2219.5  1.57E-19  1.57E-19
2220  1.56E-19  1.56E-19
2220.5  1.55E-19  1.55E-19
2221  1.55E-19  1.55E-19
2221.5  1.54E-19  1.54E-19
2222  1.53E-19  1.53E-19
2222.5  1.53E-19  1.53E-19
2223  1.52E-19  1.52E-19
2223.5  1.51E-19  1.51E-19
2224  1.50E-19  1.50E-19
2224.5  1.50E-19  1.50E-19
2225  1.49E-19  1.49E-19
2225.5  1.48E-19  1.48E-19
2226  1.48E-19  1.48E-19
2226.5  1.47E-19  1.47E-19
2227  1.46E-19  1.46E-19
2227.5  1.46E-19  1.46E-19
2228  1.45E-19  1.45E-19
2228.5  1.44E-19  1.44E-19
2229  1.43E-19  1.43E-19
2229.5  1.43E-19  1.43E-19
2230  1.42E-19  1.42E-19
2230.5  1.41E-19  1.41E-19
2231  1.41E-19  1.41E-19
2231.5  1.40E-19  1.40E-19
2232  1.39E-19  1.39E-19
2232.5  1.39E-19  1.39E-19
2233  1.38E-19  1.38E-19
2233.5  1.37E-19  1.37E-19
2234  1.36E-19  1.36E-19
2234.5  1.36E-19  1.36E-19
2235  1.35E-19  1.35E-19
2235.5  1.34E-19  1.34E-19
2236  1.34E-19  1.34E-19
2236.5  1.33E-19  1.33E-19
2237  1.32E-19  1.32E-19
2237.5  1.32E-19  1.32E-19
2238  1.31E-19  1.31E-19
2238.5  1.30E-19  1.30E-19
2239  1.29E-19  1.29E-19
2239.5  1.29E-19  1.29E-19
2240  1.28E-19  1.28E-19
2240.5  1.27E-19  1.27E-19
2241  1.27E-19  1.27E-19
2241.5  1.26E-19  1.26E-19
2242  1.26E-19  1.26E-19
2242.5  1.25E-19  1.25E-19
2243  1.25E-19  1.25E-19
2243.5  1.24E-19  1.24E-19
2244  1.24E-19  1.24E-19
2244.5  1.23E-19  1.23E-19
2245  1.23E-19  1.23E-19
2245.5  1.22E-19  1.22E-19
2246  1.21E-19  1.21E-19
2246.5  1.21E-19  1.21E-19
2247  1.20E-19  1.20E-19
2247.5  1.20E-19  1.20E-19
2248  1.19E-19  1.19E-19
2248.5  1.19E-19  1.19E-19
2249  1.18E-19  1.18E-19
2249.5  1.18E-19  1.18E-19
2250  1.17E-19  1.17E-19
2250.5  1.16E-19  1.16E-19
2251  1.16E-19  1.16E-19
2251.5  1.15E-19  1.15E-19
2252  1.15E-19  1.15E-19
2252.5  1.14E-19  1.14E-19
2253  1.14E-19  1.14E-19
2253.5  1.13E-19  1.13E-19
2254  1.13E-19  1.13E-19
2254.5  1.12E-19  1.12E-19
2255  1.12E-19  1.12E-19
2255.5  1.11E-19  1.11E-19
2256  1.10E-19  1.10E-19
2256.5  1.10E-19  1.10E-19
2257  1.09E-19  1.09E-19
2257.5  1.09E-19  1.09E-19
2258  1.08E-19  1.08E-19
2258.5  1.08E-19  1.08E-19
2259  1.07E-19  1.07E-19
2259.5  1.07E-19  1.07E-19
2260  1.06E-19  1.06E-19
2260.5  1.06E-19  1.06E-19
2261  1.05E-19  1.05E-19
2261.5  1.05E-19  1.05E-19
2262  1.04E-19  1.04E-19
2262.5  1.04E-19  1.04E-19
2263  1.03E-19  1.03E-19
2263.5  1.03E-19  1.03E-19
2264  1.03E-19  1.03E-19
2264.5  1.02E-19  1.02E-19
2265  1.02E-19  1.02E-19
2265.5  1.01E-19  1.01E-19
2266  1.01E-19  1.01E-19
2266.5  1.00E-19  1.00E-19
2267  1.00E-19  1.00E-19
2267.5  9.96E-20  9.96E-20
2268  9.91E-20  9.91E-20
2268.5  9.87E-20  9.87E-20
2269  9.83E-20  9.83E-20
2269.5  9.78E-20  9.78E-20
2270  9.74E-20  9.74E-20
2270.5  9.70E-20  9.70E-20
2271  9.65E-20  9.65E-20
2271.5  9.61E-20  9.61E-20
2272  9.57E-20  9.57E-20
2272.5  9.53E-20  9.53E-20
2273  9.48E-20  9.48E-20
2273.5  9.44E-20  9.44E-20
2274  9.40E-20  9.40E-20
2274.5  9.35E-20  9.35E-20
2275  9.31E-20  9.31E-20
2275.5  9.27E-20  9.27E-20
2276  9.22E-20  9.22E-20
2276.5  9.18E-20  9.18E-20
2277  9.14E-20  9.14E-20
2277.5  9.10E-20  9.10E-20
2278  9.05E-20  9.05E-20
2278.5  9.01E-20  9.01E-20
2279  8.97E-20  8.97E-20
2279.5  8.92E-20  8.92E-20
2280  8.88E-20  8.88E-20
2280.5  8.85E-20  8.85E-20
2281  8.81E-20  8.81E-20
2281.5  8.78E-20  8.78E-20
2282  8.74E-20  8.74E-20
2282.5  8.71E-20  8.71E-20
2283  8.67E-20  8.67E-20
2283.5  8.64E-20  8.64E-20
2284  8.60E-20  8.60E-20
2284.5  8.57E-20  8.57E-20
2285  8.53E-20  8.53E-20
2285.5  8.50E-20  8.50E-20
2286  8.46E-20  8.46E-20
2286.5  8.43E-20  8.43E-20
2287  8.39E-20  8.39E-20
2287.5  8.36E-20  8.36E-20
2288  8.32E-20  8.32E-20
2288.5  8.29E-20  8.29E-20
2289  8.25E-20  8.25E-20
2289.5  8.22E-20  8.22E-20
2290  8.19E-20  8.19E-20
2290.5  8.15E-20  8.15E-20
2291  8.12E-20  8.12E-20
2291.5  8.08E-20  8.08E-20
2292  8.05E-20  8.05E-20
2292.5  8.01E-20  8.01E-20
2293  7.98E-20  7.98E-20
2293.5  7.94E-20  7.94E-20
2294  7.91E-20  7.91E-20
2294.5  7.87E-20  7.87E-20
2295  7.84E-20  7.84E-20
2295.5  7.80E-20  7.80E-20
2296  7.77E-20  7.77E-20
2296.5  7.73E-20  7.73E-20
2297  7.70E-20  7.70E-20
2297.5  7.66E-20  7.66E-20
2298  7.63E-20  7.63E-20
2298.5  7.59E-20  7.59E-20
2299  7.56E-20  7.56E-20
2299.5  7.52E-20  7.52E-20
2300  7.49E-20  7.49E-20
2300.5  7.47E-20  7.47E-20
2301  7.44E-20  7.44E-20
2301.5  7.42E-20  7.42E-20
2302  7.39E-20  7.39E-20
2302.5  7.37E-20  7.37E-20
2303  7.34E-20  7.34E-20
2303.5  7.32E-20  7.32E-20
2304  7.29E-20  7.29E-20
2304.5  7.27E-20  7.27E-20
2305  7.25E-20  7.25E-20
2305.5  7.22E-20  7.22E-20
2306  7.20E-20  7.20E-20
2306.5  7.17E-20  7.17E-20
2307  7.15E-20  7.15E-20
2307.5  7.12E-20  7.12E-20
2308  7.10E-20  7.10E-20
2308.5  7.07E-20  7.07E-20
2309  7.05E-20  7.05E-20
2309.5  7.02E-20  7.02E-20
2310  7.00E-20  7.00E-20
2310.5  6.98E-20  6.98E-20
2311  6.95E-20  6.95E-20
2311.5  6.93E-20  6.93E-20
2312  6.90E-20  6.90E-20
2312.5  6.88E-20  6.88E-20
2313  6.85E-20  6.85E-20
2313.5  6.83E-20  6.83E-20
2314  6.80E-20  6.80E-20
2314.5  6.78E-20  6.78E-20
2315  6.76E-20  6.76E-20
2315.5  6.73E-20  6.73E-20
2316  6.71E-20  6.71E-20
2316.5  6.68E-20  6.68E-20
2317  6.66E-20  6.66E-20
2317.5  6.63E-20  6.63E-20
2318  6.61E-20  6.61E-20
2318.5  6.58E-20  6.58E-20
2319  6.56E-20  6.56E-20
2319.5  6.53E-20  6.53E-20
2320  6.51E-20  6.51E-20
2320.5  6.49E-20  6.49E-20
2321  6.47E-20  6.47E-20
2321.5  6.44E-20  6.44E-20
2322  6.42E-20  6.42E-20
2322.5  6.40E-20  6.40E-20
2323  6.38E-20  6.38E-20
2323.5  6.35E-20  6.35E-20
2324  6.33E-20  6.33E-20
2324.5  6.31E-20  6.31E-20
2325  6.29E-20  6.29E-20
2325.5  6.27E-20  6.27E-20
2326  6.24E-20  6.24E-20
2326.5  6.22E-20  6.22E-20
2327  6.20E-20  6.20E-20
2327.5  6.18E-20  6.18E-20
2328  6.15E-20  6.15E-20
2328.5  6.13E-20  6.13E-20
2329  6.11E-20  6.11E-20
2329.5  6.09E-20  6.09E-20
2330  6.07E-20  6.07E-20
2330.5  6.04E-20  6.04E-20
2331  6.02E-20  6.02E-20
2331.5  6.00E-20  6.00E-20
2332  5.98E-20  5.98E-20
2332.5  5.95E-20  5.95E-20
2333  5.93E-20  5.93E-20
2333.5  5.91E-20  5.91E-20
2334  5.89E-20  5.89E-20
2334.5  5.86E-20  5.86E-20
2335  5.84E-20  5.84E-20
2335.5  5.82E-20  5.82E-20
2336  5.80E-20  5.80E-20
2336.5  5.78E-20  5.78E-20
2337  5.75E-20  5.75E-20
2337.5  5.73E-20  5.73E-20
2338  5.71E-20  5.71E-20
2338.5  5.69E-20  5.69E-20
2339  5.66E-20  5.66E-20
2339.5  5.64E-20  5.64E-20
2340  5.62E-20  5.62E-20
2340.5  5.60E-20  5.60E-20
2341  5.58E-20  5.58E-20
2341.5  5.56E-20  5.56E-20
2342  5.55E-20  5.55E-20
2342.5  5.53E-20  5.53E-20
2343  5.51E-20  5.51E-20
2343.5  5.49E-20  5.49E-20
2344  5.47E-20  5.47E-20
2344.5  5.45E-20  5.45E-20
2345  5.43E-20  5.43E-20
2345.5  5.41E-20  5.41E-20
2346  5.40E-20  5.40E-20
2346.5  5.38E-20  5.38E-20
2347  5.36E-20  5.36E-20
2347.5  5.34E-20  5.34E-20
2348  5.32E-20  5.32E-20
2348.5  5.30E-20  5.30E-20
2349  5.28E-20  5.28E-20
2349.5  5.26E-20  5.26E-20
2350  5.25E-20  5.25E-20
2350.5  5.23E-20  5.23E-20
2351  5.21E-20  5.21E-20
2351.5  5.19E-20  5.19E-20
2352  5.17E-20  5.17E-20
2352.5  5.15E-20  5.15E-20
2353  5.13E-20  5.13E-20
2353.5  5.11E-20  5.11E-20
2354  5.10E-20  5.10E-20
2354.5  5.08E-20  5.08E-20
2355  5.06E-20  5.06E-20
2355.5  5.04E-20  5.04E-20
2356  5.02E-20  5.02E-20
2356.5  5.00E-20  5.00E-20
2357  4.98E-20  4.98E-20
2357.5  4.96E-20  4.96E-20
2358  4.95E-20  4.95E-20
2358.5  4.93E-20  4.93E-20
2359  4.91E-20  4.91E-20
2359.5  4.89E-20  4.89E-20
2360  4.87E-20  4.87E-20
2360.5  4.85E-20  4.85E-20
2361  4.84E-20  4.84E-20
2361.5  4.82E-20  4.82E-20
2362  4.81E-20  4.81E-20
2362.5  4.79E-20  4.79E-20
2363  4.78E-20  4.78E-20
2363.5  4.76E-20  4.76E-20
2364  4.74E-20  4.74E-20
2364.5  4.73E-20  4.73E-20
2365  4.71E-20  4.71E-20
2365.5  4.70E-20  4.70E-20
2366  4.68E-20  4.68E-20
2366.5  4.67E-20  4.67E-20
2367  4.65E-20  4.65E-20
2367.5  4.63E-20  4.63E-20
2368  4.62E-20  4.62E-20
2368.5  4.60E-20  4.60E-20
2369  4.59E-20  4.59E-20
2369.5  4.57E-20  4.57E-20
2370  4.56E-20  4.56E-20
2370.5  4.54E-20  4.54E-20
2371  4.52E-20  4.52E-20
2371.5  4.51E-20  4.51E-20
2372  4.49E-20  4.49E-20
2372.5  4.48E-20  4.48E-20
2373  4.46E-20  4.46E-20
2373.5  4.44E-20  4.44E-20
2374  4.43E-20  4.43E-20
2374.5  4.41E-20  4.41E-20
2375  4.40E-20  4.40E-20
2375.5  4.38E-20  4.38E-20
2376  4.37E-20  4.37E-20
2376.5  4.35E-20  4.35E-20
2377  4.33E-20  4.33E-20
2377.5  4.32E-20  4.32E-20
2378  4.30E-20  4.30E-20
2378.5  4.29E-20  4.29E-20
2379  4.27E-20  4.27E-20
2379.5  4.26E-20  4.26E-20
2380  4.24E-20  4.24E-20
2380.5  4.23E-20  4.23E-20
2381  4.21E-20  4.21E-20
2381.5  4.20E-20  4.20E-20
2382  4.19E-20  4.19E-20
2382.5  4.17E-20  4.17E-20
2383  4.16E-20  4.16E-20
2383.5  4.14E-20  4.14E-20
2384  4.13E-20  4.13E-20
2384.5  4.12E-20  4.12E-20
2385  4.10E-20  4.10E-20
2385.5  4.09E-20  4.09E-20
2386  4.08E-20  4.08E-20
2386.5  4.06E-20  4.06E-20
2387  4.05E-20  4.05E-20
2387.5  4.03E-20  4.03E-20
2388  4.02E-20  4.02E-20
2388.5  4.01E-20  4.01E-20
2389  3.99E-20  3.99E-20
2389.5  3.98E-20  3.98E-20
2390  3.97E-20  3.97E-20
2390.5  3.95E-20  3.95E-20
2391  3.94E-20  3.94E-20
2391.5  3.92E-20  3.92E-20
2392  3.91E-20  3.91E-20
2392.5  3.90E-20  3.90E-20
2393  3.88E-20  3.88E-20
2393.5  3.87E-20  3.87E-20
2394  3.86E-20  3.86E-20
2394.5  3.84E-20  3.84E-20
2395  3.83E-20  3.83E-20
2395.5  3.81E-20  3.81E-20
2396  3.80E-20  3.80E-20
2396.5  3.79E-20  3.79E-20
2397  3.77E-20  3.77E-20
2397.5  3.76E-20  3.76E-20
2398  3.75E-20  3.75E-20
2398.5  3.73E-20  3.73E-20
2399  3.72E-20  3.72E-20
2399.5  3.70E-20  3.70E-20
2400  3.69E-20  3.69E-20
2400.5  3.68E-20  3.68E-20
2401  3.67E-20  3.67E-20
2401.5  3.65E-20  3.65E-20
2402  3.64E-20  3.64E-20
2402.5  3.63E-20  3.63E-20
2403  3.62E-20  3.62E-20
2403.5  3.61E-20  3.61E-20
2404  3.59E-20  3.59E-20
2404.5  3.58E-20  3.58E-20
2405  3.57E-20  3.57E-20
2405.5  3.56E-20  3.56E-20
2406  3.55E-20  3.55E-20
2406.5  3.53E-20  3.53E-20
2407  3.52E-20  3.52E-20
2407.5  3.51E-20  3.51E-20
2408  3.50E-20  3.50E-20
2408.5  3.49E-20  3.49E-20
2409  3.47E-20  3.47E-20
2409.5  3.46E-20  3.46E-20
2410  3.45E-20  3.45E-20
2410.5  3.44E-20  3.44E-20
2411  3.43E-20  3.43E-20
2411.5  3.41E-20  3.41E-20
2412  3.40E-20  3.40E-20
2412.5  3.39E-20  3.39E-20
2413  3.38E-20  3.38E-20
2413.5  3.37E-20  3.37E-20
2414  3.35E-20  3.35E-20
2414.5  3.34E-20  3.34E-20
2415  3.33E-20  3.33E-20
2415.5  3.32E-20  3.32E-20
2416  3.31E-20  3.31E-20
2416.5  3.29E-20  3.29E-20
2417  3.28E-20  3.28E-20
2417.5  3.27E-20  3.27E-20
2418  3.26E-20  3.26E-20
2418.5  3.25E-20  3.25E-20
2419  3.23E-20  3.23E-20
2419.5  3.22E-20  3.22E-20
2420  3.21E-20  3.21E-20
2420.5  3.20E-20  3.20E-20
2421  3.19E-20  3.19E-20
2421.5  3.18E-20  3.18E-20
2422  3.17E-20  3.17E-20
2422.5  3.16E-20  3.16E-20
2423  3.15E-20  3.15E-20
2423.5  3.14E-20  3.14E-20
2424  3.13E-20  3.13E-20
2424.5  3.12E-20  3.12E-20
2425  3.11E-20  3.11E-20
2425.5  3.09E-20  3.09E-20
2426  3.08E-20  3.08E-20
2426.5  3.07E-20  3.07E-20
2427  3.06E-20  3.06E-20
2427.5  3.05E-20  3.05E-20
2428  3.04E-20  3.04E-20
2428.5  3.03E-20  3.03E-20
2429  3.02E-20  3.02E-20
2429.5  3.01E-20  3.01E-20
2430  3.00E-20  3.00E-20
2430.5  2.99E-20  2.99E-20
2431  2.98E-20  2.98E-20
2431.5  2.97E-20  2.97E-20
2432  2.96E-20  2.96E-20
2432.5  2.95E-20  2.95E-20
2433  2.94E-20  2.94E-20
2433.5  2.93E-20  2.93E-20
2434  2.92E-20  2.92E-20
2434.5  2.91E-20  2.91E-20
2435  2.90E-20  2.90E-20
2435.5  2.88E-20  2.88E-20
2436  2.87E-20  2.87E-20
2436.5  2.86E-20  2.86E-20
2437  2.85E-20  2.85E-20
2437.5  2.84E-20  2.84E-20
2438  2.83E-20  2.83E-20
2438.5  2.82E-20  2.82E-20
2439  2.81E-20  2.81E-20
2439.5  2.80E-20  2.80E-20
2440  2.79E-20  2.79E-20
2440.5  2.78E-20  2.78E-20
2441  2.77E-20  2.77E-20
2441.5  2.76E-20  2.76E-20
2442  2.75E-20  2.75E-20
2442.5  2.74E-20  2.74E-20
2443  2.73E-20  2.73E-20
2443.5  2.72E-20  2.72E-20
2444  2.71E-20  2.71E-20
2444.5  2.70E-20  2.70E-20
2445  2.70E-20  2.70E-20
2445.5  2.69E-20  2.69E-20
2446  2.68E-20  2.68E-20
2446.5  2.67E-20  2.67E-20
2447  2.66E-20  2.66E-20
2447.5  2.65E-20  2.65E-20
2448  2.64E-20  2.64E-20
2448.5  2.63E-20  2.63E-20
2449  2.62E-20  2.62E-20
2449.5  2.61E-20  2.61E-20
2450  2.60E-20  2.60E-20
2450.5  2.59E-20  2.59E-20
2451  2.58E-20  2.58E-20
2451.5  2.57E-20  2.57E-20
2452  2.56E-20  2.56E-20
2452.5  2.55E-20  2.55E-20
2453  2.54E-20  2.54E-20
2453.5  2.53E-20  2.53E-20
2454  2.52E-20  2.52E-20
2454.5  2.51E-20  2.51E-20
2455  2.51E-20  2.51E-20
2455.5  2.50E-20  2.50E-20
2456  2.49E-20  2.49E-20
2456.5  2.48E-20  2.48E-20
2457  2.47E-20  2.47E-20
2457.5  2.46E-20  2.46E-20
2458  2.45E-20  2.45E-20
2458.5  2.44E-20  2.44E-20
2459  2.43E-20  2.43E-20
2459.5  2.42E-20  2.42E-20
2460  2.41E-20  2.41E-20
2460.5  2.40E-20  2.40E-20
2461  2.39E-20  2.39E-20
2461.5  2.39E-20  2.39E-20
2462  2.38E-20  2.38E-20
2462.5  2.37E-20  2.37E-20
2463  2.36E-20  2.36E-20
2463.5  2.35E-20  2.35E-20
2464  2.35E-20  2.35E-20
2464.5  2.34E-20  2.34E-20
2465  2.33E-20  2.33E-20
2465.5  2.32E-20  2.32E-20
2466  2.31E-20  2.31E-20
2466.5  2.31E-20  2.31E-20
2467  2.30E-20  2.30E-20
2467.5  2.29E-20  2.29E-20
2468  2.28E-20  2.28E-20
2468.5  2.27E-20  2.27E-20
2469  2.27E-20  2.27E-20
2469.5  2.26E-20  2.26E-20
2470  2.25E-20  2.25E-20
2470.5  2.24E-20  2.24E-20
2471  2.23E-20  2.23E-20
2471.5  2.23E-20  2.23E-20
2472  2.22E-20  2.22E-20
2472.5  2.21E-20  2.21E-20
2473  2.20E-20  2.20E-20
2473.5  2.19E-20  2.19E-20
2474  2.19E-20  2.19E-20
2474.5  2.18E-20  2.18E-20
2475  2.17E-20  2.17E-20
2475.5  2.16E-20  2.16E-20
2476  2.15E-20  2.15E-20
2476.5  2.15E-20  2.15E-20
2477  2.14E-20  2.14E-20
2477.5  2.13E-20  2.13E-20
2478  2.12E-20  2.12E-20
2478.5  2.11E-20  2.11E-20
2479  2.11E-20  2.11E-20
2479.5  2.10E-20  2.10E-20
2480  2.09E-20  2.09E-20
2480.5  2.08E-20  2.08E-20
2481  2.08E-20  2.08E-20
2481.5  2.07E-20  2.07E-20
2482  2.06E-20  2.06E-20
2482.5  2.05E-20  2.05E-20
2483  2.05E-20  2.05E-20
2483.5  2.04E-20  2.04E-20
2484  2.03E-20  2.03E-20
2484.5  2.02E-20  2.02E-20
2485  2.02E-20  2.02E-20
2485.5  2.01E-20  2.01E-20
2486  2.00E-20  2.00E-20
2486.5  2.00E-20  2.00E-20
2487  1.99E-20  1.99E-20
2487.5  1.98E-20  1.98E-20
2488  1.97E-20  1.97E-20
2488.5  1.97E-20  1.97E-20
2489  1.96E-20  1.96E-20
2489.5  1.95E-20  1.95E-20
2490  1.95E-20  1.95E-20
2490.5  1.94E-20  1.94E-20
2491  1.93E-20  1.93E-20
2491.5  1.92E-20  1.92E-20
2492  1.92E-20  1.92E-20
2492.5  1.91E-20  1.91E-20
2493  1.90E-20  1.90E-20
2493.5  1.89E-20  1.89E-20
2494  1.89E-20  1.89E-20
2494.5  1.88E-20  1.88E-20
2495  1.87E-20  1.87E-20
2495.5  1.87E-20  1.87E-20
2496  1.86E-20  1.86E-20
2496.5  1.85E-20  1.85E-20
2497  1.84E-20  1.84E-20
2497.5  1.84E-20  1.84E-20
2498  1.83E-20  1.83E-20
2498.5  1.82E-20  1.82E-20
2499  1.81E-20  1.81E-20
2499.5  1.81E-20  1.81E-20
2500  1.80E-20  1.80E-20
2500.5  1.79E-20  1.79E-20
2501  1.79E-20  1.79E-20
2501.5  1.78E-20  1.78E-20
2502  1.78E-20  1.78E-20
2502.5  1.77E-20  1.77E-20
2503  1.76E-20  1.76E-20
2503.5  1.76E-20  1.76E-20
2504  1.75E-20  1.75E-20
2504.5  1.75E-20  1.75E-20
2505  1.74E-20  1.74E-20
2505.5  1.73E-20  1.73E-20
2506  1.73E-20  1.73E-20
2506.5  1.72E-20  1.72E-20
2507  1.72E-20  1.72E-20
2507.5  1.71E-20  1.71E-20
2508  1.70E-20  1.70E-20
2508.5  1.70E-20  1.70E-20
2509  1.69E-20  1.69E-20
2509.5  1.69E-20  1.69E-20
2510  1.68E-20  1.68E-20
2510.5  1.67E-20  1.67E-20
2511  1.67E-20  1.67E-20
2511.5  1.66E-20  1.66E-20
2512  1.66E-20  1.66E-20
2512.5  1.65E-20  1.65E-20
2513  1.64E-20  1.64E-20
2513.5  1.64E-20  1.64E-20
2514  1.63E-20  1.63E-20
2514.5  1.63E-20  1.63E-20
2515  1.62E-20  1.62E-20
2515.5  1.61E-20  1.61E-20
2516  1.61E-20  1.61E-20
2516.5  1.60E-20  1.60E-20
2517  1.60E-20  1.60E-20
2517.5  1.59E-20  1.59E-20
2518  1.58E-20  1.58E-20
2518.5  1.58E-20  1.58E-20
2519  1.57E-20  1.57E-20
2519.5  1.57E-20  1.57E-20
2520  1.56E-20  1.56E-20
2520.5  1.55E-20  1.55E-20
2521  1.55E-20  1.55E-20
2521.5  1.54E-20  1.54E-20
2522  1.54E-20  1.54E-20
2522.5  1.53E-20  1.53E-20
2523  1.53E-20  1.53E-20
2523.5  1.52E-20  1.52E-20
2524  1.52E-20  1.52E-20
2524.5  1.51E-20  1.51E-20
2525  1.51E-20  1.51E-20
2525.5  1.50E-20  1.50E-20
2526  1.49E-20  1.49E-20
2526.5  1.49E-20  1.49E-20
2527  1.48E-20  1.48E-20
2527.5  1.48E-20  1.48E-20
2528  1.47E-20  1.47E-20
2528.5  1.47E-20  1.47E-20
2529  1.46E-20  1.46E-20
2529.5  1.46E-20  1.46E-20
2530  1.45E-20  1.45E-20
2530.5  1.44E-20  1.44E-20
2531  1.44E-20  1.44E-20
2531.5  1.43E-20  1.43E-20
2532  1.43E-20  1.43E-20
2532.5  1.42E-20  1.42E-20
2533  1.42E-20  1.42E-20
2533.5  1.41E-20  1.41E-20
2534  1.41E-20  1.41E-20
2534.5  1.40E-20  1.40E-20
2535  1.40E-20  1.40E-20
2535.5  1.39E-20  1.39E-20
2536  1.38E-20  1.38E-20
2536.5  1.38E-20  1.38E-20
2537  1.37E-20  1.37E-20
2537.5  1.37E-20  1.37E-20
2538  1.36E-20  1.36E-20
2538.5  1.36E-20  1.36E-20
2539  1.35E-20  1.35E-20
2539.5  1.35E-20  1.35E-20
2540  1.34E-20  1.34E-20
2540.5  1.34E-20  1.34E-20
2541  1.33E-20  1.33E-20
2541.5  1.33E-20  1.33E-20
2542  1.32E-20  1.32E-20
2542.5  1.32E-20  1.32E-20
2543  1.31E-20  1.31E-20
2543.5  1.31E-20  1.31E-20
2544  1.30E-20  1.30E-20
2544.5  1.30E-20  1.30E-20
2545  1.30E-20  1.30E-20
2545.5  1.29E-20  1.29E-20
2546  1.29E-20  1.29E-20
2546.5  1.28E-20  1.28E-20
2547  1.28E-20  1.28E-20
2547.5  1.27E-20  1.27E-20
2548  1.27E-20  1.27E-20
2548.5  1.26E-20  1.26E-20
2549  1.26E-20  1.26E-20
2549.5  1.25E-20  1.25E-20
2550  1.25E-20  1.25E-20
2550.5  1.25E-20  1.25E-20
2551  1.24E-20  1.24E-20
2551.5  1.24E-20  1.24E-20
2552  1.23E-20  1.23E-20
2552.5  1.23E-20  1.23E-20
2553  1.22E-20  1.22E-20
2553.5  1.22E-20  1.22E-20
2554  1.21E-20  1.21E-20
2554.5  1.21E-20  1.21E-20
2555  1.21E-20  1.21E-20
2555.5  1.20E-20  1.20E-20
2556  1.20E-20  1.20E-20
2556.5  1.19E-20  1.19E-20
2557  1.19E-20  1.19E-20
2557.5  1.18E-20  1.18E-20
2558  1.18E-20  1.18E-20
2558.5  1.17E-20  1.17E-20
2559  1.17E-20  1.17E-20
2559.5  1.16E-20  1.16E-20
2560  1.16E-20  1.16E-20
2560.5  1.16E-20  1.16E-20
2561  1.15E-20  1.15E-20
2561.5  1.15E-20  1.15E-20
2562  1.14E-20  1.14E-20
2562.5  1.14E-20  1.14E-20
2563  1.14E-20  1.14E-20
2563.5  1.13E-20  1.13E-20
2564  1.13E-20  1.13E-20
2564.5  1.12E-20  1.12E-20
2565  1.12E-20  1.12E-20
2565.5  1.12E-20  1.12E-20
2566  1.11E-20  1.11E-20
2566.5  1.11E-20  1.11E-20
2567  1.10E-20  1.10E-20
2567.5  1.10E-20  1.10E-20
2568  1.10E-20  1.10E-20
2568.5  1.09E-20  1.09E-20
2569  1.09E-20  1.09E-20
2569.5  1.08E-20  1.08E-20
2570  1.08E-20  1.08E-20
2570.5  1.08E-20  1.08E-20
2571  1.07E-20  1.07E-20
2571.5  1.07E-20  1.07E-20
2572  1.06E-20  1.06E-20
2572.5  1.06E-20  1.06E-20
2573  1.06E-20  1.06E-20
2573.5  1.05E-20  1.05E-20
2574  1.05E-20  1.05E-20
2574.5  1.04E-20  1.04E-20
2575  1.04E-20  1.04E-20
2575.5  1.04E-20  1.04E-20
2576  1.03E-20  1.03E-20
2576.5  1.03E-20  1.03E-20
2577  1.02E-20  1.02E-20
2577.5  1.02E-20  1.02E-20
2578  1.02E-20  1.02E-20
2578.5  1.01E-20  1.01E-20
2579  1.01E-20  1.01E-20
2579.5  1.00E-20  1.00E-20
2580  1.00E-20  1.00E-20
2580.5  9.97E-21  9.97E-21
2581  9.93E-21  9.93E-21
2581.5  9.90E-21  9.90E-21
2582  9.87E-21  9.87E-21
2582.5  9.83E-21  9.83E-21
2583  9.80E-21  9.80E-21
2583.5  9.77E-21  9.77E-21
2584  9.73E-21  9.73E-21
2584.5  9.70E-21  9.70E-21
2585  9.67E-21  9.67E-21
2585.5  9.63E-21  9.63E-21
2586  9.60E-21  9.60E-21
2586.5  9.57E-21  9.57E-21
2587  9.53E-21  9.53E-21
2587.5  9.50E-21  9.50E-21
2588  9.47E-21  9.47E-21
2588.5  9.43E-21  9.43E-21
2589  9.40E-21  9.40E-21
2589.5  9.37E-21  9.37E-21
2590  9.34E-21  9.34E-21
2590.5  9.30E-21  9.30E-21
2591  9.27E-21  9.27E-21
2591.5  9.24E-21  9.24E-21
2592  9.20E-21  9.20E-21
2592.5  9.17E-21  9.17E-21
2593  9.14E-21  9.14E-21
2593.5  9.10E-21  9.10E-21
2594  9.07E-21  9.07E-21
2594.5  9.04E-21  9.04E-21
2595  9.00E-21  9.00E-21
2595.5  8.97E-21  8.97E-21
2596  8.94E-21  8.94E-21
2596.5  8.90E-21  8.90E-21
2597  8.87E-21  8.87E-21
2597.5  8.84E-21  8.84E-21
2598  8.80E-21  8.80E-21
2598.5  8.77E-21  8.77E-21
2599  8.74E-21  8.74E-21
2599.5  8.70E-21  8.70E-21
2600  8.67E-21  8.67E-21
2600.5  8.64E-21  8.64E-21
2601  8.61E-21  8.61E-21
2601.5  8.58E-21  8.58E-21
2602  8.55E-21  8.55E-21
2602.5  8.52E-21  8.52E-21
2603  8.49E-21  8.49E-21
2603.5  8.47E-21  8.47E-21
2604  8.44E-21  8.44E-21
2604.5  8.41E-21  8.41E-21
2605  8.38E-21  8.38E-21
2605.5  8.35E-21  8.35E-21
2606  8.32E-21  8.32E-21
2606.5  8.29E-21  8.29E-21
2607  8.26E-21  8.26E-21
2607.5  8.23E-21  8.23E-21
2608  8.20E-21  8.20E-21
2608.5  8.17E-21  8.17E-21
2609  8.14E-21  8.14E-21
2609.5  8.11E-21  8.11E-21
2610  8.09E-21  8.09E-21
2610.5  8.06E-21  8.06E-21
2611  8.03E-21  8.03E-21
2611.5  8.00E-21  8.00E-21
2612  7.97E-21  7.97E-21
2612.5  7.94E-21  7.94E-21
2613  7.91E-21  7.91E-21
2613.5  7.88E-21  7.88E-21
2614  7.85E-21  7.85E-21
2614.5  7.82E-21  7.82E-21
2615  7.79E-21  7.79E-21
2615.5  7.76E-21  7.76E-21
2616  7.73E-21  7.73E-21
2616.5  7.70E-21  7.70E-21
2617  7.68E-21  7.68E-21
2617.5  7.65E-21  7.65E-21
2618  7.62E-21  7.62E-21
2618.5  7.59E-21  7.59E-21
2619  7.56E-21  7.56E-21
2619.5  7.53E-21  7.53E-21
2620  7.50E-21  7.50E-21
2620.5  7.47E-21  7.47E-21
2621  7.45E-21  7.45E-21
2621.5  7.42E-21  7.42E-21
2622  7.40E-21  7.40E-21
2622.5  7.37E-21  7.37E-21
2623  7.35E-21  7.35E-21
2623.5  7.32E-21  7.32E-21
2624  7.30E-21  7.30E-21
2624.5  7.27E-21  7.27E-21
2625  7.25E-21  7.25E-21
2625.5  7.22E-21  7.22E-21
2626  7.19E-21  7.19E-21
2626.5  7.17E-21  7.17E-21
2627  7.14E-21  7.14E-21
2627.5  7.12E-21  7.12E-21
2628  7.09E-21  7.09E-21
2628.5  7.07E-21  7.07E-21
2629  7.04E-21  7.04E-21
2629.5  7.02E-21  7.02E-21
2630  6.99E-21  6.99E-21
2630.5  6.96E-21  6.96E-21
2631  6.94E-21  6.94E-21
2631.5  6.91E-21  6.91E-21
2632  6.89E-21  6.89E-21
2632.5  6.86E-21  6.86E-21
2633  6.84E-21  6.84E-21
2633.5  6.81E-21  6.81E-21
2634  6.79E-21  6.79E-21
2634.5  6.76E-21  6.76E-21
2635  6.74E-21  6.74E-21
2635.5  6.71E-21  6.71E-21
2636  6.68E-21  6.68E-21
2636.5  6.66E-21  6.66E-21
2637  6.63E-21  6.63E-21
2637.5  6.61E-21  6.61E-21
2638  6.58E-21  6.58E-21
2638.5  6.56E-21  6.56E-21
2639  6.53E-21  6.53E-21
2639.5  6.51E-21  6.51E-21
2640  6.48E-21  6.48E-21
2640.5  6.46E-21  6.46E-21
2641  6.44E-21  6.44E-21
2641.5  6.41E-21  6.41E-21
2642  6.39E-21  6.39E-21
2642.5  6.37E-21  6.37E-21
2643  6.35E-21  6.35E-21
2643.5  6.32E-21  6.32E-21
2644  6.30E-21  6.30E-21
2644.5  6.28E-21  6.28E-21
2645  6.26E-21  6.26E-21
2645.5  6.24E-21  6.24E-21
2646  6.21E-21  6.21E-21
2646.5  6.19E-21  6.19E-21
2647  6.17E-21  6.17E-21
2647.5  6.15E-21  6.15E-21
2648  6.12E-21  6.12E-21
2648.5  6.10E-21  6.10E-21
2649  6.08E-21  6.08E-21
2649.5  6.06E-21  6.06E-21
2650  6.04E-21  6.04E-21
2650.5  6.01E-21  6.01E-21
2651  5.99E-21  5.99E-21
2651.5  5.97E-21  5.97E-21
2652  5.95E-21  5.95E-21
2652.5  5.92E-21  5.92E-21
2653  5.90E-21  5.90E-21
2653.5  5.88E-21  5.88E-21
2654  5.86E-21  5.86E-21
2654.5  5.83E-21  5.83E-21
2655  5.81E-21  5.81E-21
2655.5  5.79E-21  5.79E-21
2656  5.77E-21  5.77E-21
2656.5  5.75E-21  5.75E-21
2657  5.72E-21  5.72E-21
2657.5  5.70E-21  5.70E-21
2658  5.68E-21  5.68E-21
2658.5  5.66E-21  5.66E-21
2659  5.63E-21  5.63E-21
2659.5  5.61E-21  5.61E-21
2660  5.59E-21  5.59E-21
2660.5  5.57E-21  5.57E-21
2661  5.55E-21  5.55E-21
2661.5  5.53E-21  5.53E-21
2662  5.51E-21  5.51E-21
2662.5  5.49E-21  5.49E-21
2663  5.47E-21  5.47E-21
2663.5  5.46E-21  5.46E-21
2664  5.44E-21  5.44E-21
2664.5  5.42E-21  5.42E-21
2665  5.40E-21  5.40E-21
2665.5  5.38E-21  5.38E-21
2666  5.36E-21  5.36E-21
2666.5  5.34E-21  5.34E-21
2667  5.32E-21  5.32E-21
2667.5  5.30E-21  5.30E-21
2668  5.28E-21  5.28E-21
2668.5  5.26E-21  5.26E-21
2669  5.24E-21  5.24E-21
2669.5  5.22E-21  5.22E-21
2670  5.21E-21  5.21E-21
2670.5  5.19E-21  5.19E-21
2671  5.17E-21  5.17E-21
2671.5  5.15E-21  5.15E-21
2672  5.13E-21  5.13E-21
2672.5  5.11E-21  5.11E-21
2673  5.09E-21  5.09E-21
2673.5  5.07E-21  5.07E-21
2674  5.05E-21  5.05E-21
2674.5  5.03E-21  5.03E-21
2675  5.01E-21  5.01E-21
2675.5  4.99E-21  4.99E-21
2676  4.97E-21  4.97E-21
2676.5  4.95E-21  4.95E-21
2677  4.94E-21  4.94E-21
2677.5  4.92E-21  4.92E-21
2678  4.90E-21  4.90E-21
2678.5  4.88E-21  4.88E-21
2679  4.86E-21  4.86E-21
2679.5  4.84E-21  4.84E-21
2680  4.82E-21  4.82E-21
2680.5  4.80E-21  4.80E-21
2681  4.79E-21  4.79E-21
2681.5  4.77E-21  4.77E-21
2682  4.75E-21  4.75E-21
2682.5  4.74E-21  4.74E-21
2683  4.72E-21  4.72E-21
2683.5  4.70E-21  4.70E-21
2684  4.69E-21  4.69E-21
2684.5  4.67E-21  4.67E-21
2685  4.66E-21  4.66E-21
2685.5  4.64E-21  4.64E-21
2686  4.62E-21  4.62E-21
2686.5  4.61E-21  4.61E-21
2687  4.59E-21  4.59E-21
2687.5  4.57E-21  4.57E-21
2688  4.56E-21  4.56E-21
2688.5  4.54E-21  4.54E-21
2689  4.52E-21  4.52E-21
2689.5  4.51E-21  4.51E-21
2690  4.49E-21  4.49E-21
2690.5  4.47E-21  4.47E-21
2691  4.46E-21  4.46E-21
2691.5  4.44E-21  4.44E-21
2692  4.42E-21  4.42E-21
2692.5  4.41E-21  4.41E-21
2693  4.39E-21  4.39E-21
2693.5  4.37E-21  4.37E-21
2694  4.36E-21  4.36E-21
2694.5  4.34E-21  4.34E-21
2695  4.33E-21  4.33E-21
2695.5  4.31E-21  4.31E-21
2696  4.29E-21  4.29E-21
2696.5  4.28E-21  4.28E-21
2697  4.26E-21  4.26E-21
2697.5  4.24E-21  4.24E-21
2698  4.23E-21  4.23E-21
2698.5  4.21E-21  4.21E-21
2699  4.19E-21  4.19E-21
2699.5  4.18E-21  4.18E-21
2700  4.16E-21  4.16E-21
2700.5  4.15E-21  4.15E-21
2701  4.13E-21  4.13E-21
2701.5  4.12E-21  4.12E-21
2702  4.10E-21  4.10E-21
2702.5  4.09E-21  4.09E-21
2703  4.07E-21  4.07E-21
2703.5  4.06E-21  4.06E-21
2704  4.04E-21  4.04E-21
2704.5  4.03E-21  4.03E-21
2705  4.02E-21  4.02E-21
2705.5  4.00E-21  4.00E-21
2706  3.99E-21  3.99E-21
2706.5  3.97E-21  3.97E-21
2707  3.96E-21  3.96E-21
2707.5  3.94E-21  3.94E-21
2708  3.93E-21  3.93E-21
2708.5  3.91E-21  3.91E-21
2709  3.90E-21  3.90E-21
2709.5  3.88E-21  3.88E-21
2710  3.87E-21  3.87E-21
2710.5  3.86E-21  3.86E-21
2711  3.84E-21  3.84E-21
2711.5  3.83E-21  3.83E-21
2712  3.81E-21  3.81E-21
2712.5  3.80E-21  3.80E-21
2713  3.78E-21  3.78E-21
2713.5  3.77E-21  3.77E-21
2714  3.75E-21  3.75E-21
2714.5  3.74E-21  3.74E-21
2715  3.73E-21  3.73E-21
2715.5  3.71E-21  3.71E-21
2716  3.70E-21  3.70E-21
2716.5  3.68E-21  3.68E-21
2717  3.67E-21  3.67E-21
2717.5  3.65E-21  3.65E-21
2718  3.64E-21  3.64E-21
2718.5  3.62E-21  3.62E-21
2719  3.61E-21  3.61E-21
2719.5  3.59E-21  3.59E-21
2720  3.58E-21  3.58E-21
2720.5  3.57E-21  3.57E-21
2721  3.56E-21  3.56E-21
2721.5  3.54E-21  3.54E-21
2722  3.53E-21  3.53E-21
2722.5  3.52E-21  3.52E-21
2723  3.51E-21  3.51E-21
2723.5  3.49E-21  3.49E-21
2724  3.48E-21  3.48E-21
2724.5  3.47E-21  3.47E-21
2725  3.46E-21  3.46E-21
2725.5  3.44E-21  3.44E-21
2726  3.43E-21  3.43E-21
2726.5  3.42E-21  3.42E-21
2727  3.41E-21  3.41E-21
2727.5  3.39E-21  3.39E-21
2728  3.38E-21  3.38E-21
2728.5  3.37E-21  3.37E-21
2729  3.36E-21  3.36E-21
2729.5  3.34E-21  3.34E-21
2730  3.33E-21  3.33E-21
2730.5  3.32E-21  3.32E-21
2731  3.31E-21  3.31E-21
2731.5  3.29E-21  3.29E-21
2732  3.28E-21  3.28E-21
2732.5  3.27E-21  3.27E-21
2733  3.26E-21  3.26E-21
2733.5  3.24E-21  3.24E-21
2734  3.23E-21  3.23E-21
2734.5  3.22E-21  3.22E-21
2735  3.21E-21  3.21E-21
2735.5  3.19E-21  3.19E-21
2736  3.18E-21  3.18E-21
2736.5  3.17E-21  3.17E-21
2737  3.16E-21  3.16E-21
2737.5  3.14E-21  3.14E-21
2738  3.13E-21  3.13E-21
2738.5  3.12E-21  3.12E-21
2739  3.11E-21  3.11E-21
2739.5  3.09E-21  3.09E-21
2740  3.08E-21  3.08E-21
2740.5  3.07E-21  3.07E-21
2741  3.06E-21  3.06E-21
2741.5  3.05E-21  3.05E-21
2742  3.04E-21  3.04E-21
2742.5  3.03E-21  3.03E-21
2743  3.02E-21  3.02E-21
2743.5  3.00E-21  3.00E-21
2744  2.99E-21  2.99E-21
2744.5  2.98E-21  2.98E-21
2745  2.97E-21  2.97E-21
2745.5  2.96E-21  2.96E-21
2746  2.95E-21  2.95E-21
2746.5  2.94E-21  2.94E-21
2747  2.93E-21  2.93E-21
2747.5  2.92E-21  2.92E-21
2748  2.91E-21  2.91E-21
2748.5  2.90E-21  2.90E-21
2749  2.89E-21  2.89E-21
2749.5  2.88E-21  2.88E-21
2750  2.87E-21  2.87E-21
2750.5  2.85E-21  2.85E-21
2751  2.84E-21  2.84E-21
2751.5  2.83E-21  2.83E-21
2752  2.82E-21  2.82E-21
2752.5  2.81E-21  2.81E-21
2753  2.80E-21  2.80E-21
2753.5  2.79E-21  2.79E-21
2754  2.78E-21  2.78E-21
2754.5  2.77E-21  2.77E-21
2755  2.76E-21  2.76E-21
2755.5  2.75E-21  2.75E-21
2756  2.74E-21  2.74E-21
2756.5  2.73E-21  2.73E-21
2757  2.71E-21  2.71E-21
2757.5  2.70E-21  2.70E-21
2758  2.69E-21  2.69E-21
2758.5  2.68E-21  2.68E-21
2759  2.67E-21  2.67E-21
2759.5  2.66E-21  2.66E-21
2760  2.65E-21  2.65E-21
2760.5  2.64E-21  2.64E-21
2761  2.63E-21  2.63E-21
2761.5  2.62E-21  2.62E-21
2762  2.61E-21  2.61E-21
2762.5  2.60E-21  2.60E-21
2763  2.59E-21  2.59E-21
2763.5  2.59E-21  2.59E-21
2764  2.58E-21  2.58E-21
2764.5  2.57E-21  2.57E-21
2765  2.56E-21  2.56E-21
2765.5  2.55E-21  2.55E-21
2766  2.54E-21  2.54E-21
2766.5  2.53E-21  2.53E-21
2767  2.52E-21  2.52E-21
2767.5  2.51E-21  2.51E-21
2768  2.50E-21  2.50E-21
2768.5  2.49E-21  2.49E-21
2769  2.48E-21  2.48E-21
2769.5  2.47E-21  2.47E-21
2770  2.47E-21  2.47E-21
2770.5  2.46E-21  2.46E-21
2771  2.45E-21  2.45E-21
2771.5  2.44E-21  2.44E-21
2772  2.43E-21  2.43E-21
2772.5  2.42E-21  2.42E-21
2773  2.41E-21  2.41E-21
2773.5  2.40E-21  2.40E-21
2774  2.39E-21  2.39E-21
2774.5  2.38E-21  2.38E-21
2775  2.37E-21  2.37E-21
2775.5  2.36E-21  2.36E-21
2776  2.35E-21  2.35E-21
2776.5  2.34E-21  2.34E-21
2777  2.34E-21  2.34E-21
2777.5  2.33E-21  2.33E-21
2778  2.32E-21  2.32E-21
2778.5  2.31E-21  2.31E-21
2779  2.30E-21  2.30E-21
2779.5  2.29E-21  2.29E-21
2780  2.28E-21  2.28E-21
2780.5  2.27E-21  2.27E-21
2781  2.26E-21  2.26E-21
2781.5  2.26E-21  2.26E-21
2782  2.25E-21  2.25E-21
2782.5  2.24E-21  2.24E-21
2783  2.23E-21  2.23E-21
2783.5  2.22E-21  2.22E-21
2784  2.21E-21  2.21E-21
2784.5  2.21E-21  2.21E-21
2785  2.20E-21  2.20E-21
2785.5  2.19E-21  2.19E-21
2786  2.18E-21  2.18E-21
2786.5  2.17E-21  2.17E-21
2787  2.16E-21  2.16E-21
2787.5  2.16E-21  2.16E-21
2788  2.15E-21  2.15E-21
2788.5  2.14E-21  2.14E-21
2789  2.13E-21  2.13E-21
2789.5  2.12E-21  2.12E-21
2790  2.12E-21  2.12E-21
2790.5  2.11E-21  2.11E-21
2791  2.10E-21  2.10E-21
2791.5  2.09E-21  2.09E-21
2792  2.08E-21  2.08E-21
2792.5  2.07E-21  2.07E-21
2793  2.07E-21  2.07E-21
2793.5  2.06E-21  2.06E-21
2794  2.05E-21  2.05E-21
2794.5  2.04E-21  2.04E-21
2795  2.03E-21  2.03E-21
2795.5  2.02E-21  2.02E-21
2796  2.02E-21  2.02E-21
2796.5  2.01E-21  2.01E-21
2797  2.00E-21  2.00E-21
2797.5  1.99E-21  1.99E-21
2798  1.98E-21  1.98E-21
2798.5  1.97E-21  1.97E-21
2799  1.97E-21  1.97E-21
2799.5  1.96E-21  1.96E-21
2800  1.95E-21  1.95E-21
2800.5  1.94E-21  1.94E-21
2801  1.94E-21  1.94E-21
2801.5  1.93E-21  1.93E-21
2802  1.92E-21  1.92E-21
2802.5  1.92E-21  1.92E-21
2803  1.91E-21  1.91E-21
2803.5  1.90E-21  1.90E-21
2804  1.89E-21  1.89E-21
2804.5  1.89E-21  1.89E-21
2805  1.88E-21  1.88E-21
2805.5  1.87E-21  1.87E-21
2806  1.87E-21  1.87E-21
2806.5  1.86E-21  1.86E-21
2807  1.85E-21  1.85E-21
2807.5  1.85E-21  1.85E-21
2808  1.84E-21  1.84E-21
2808.5  1.83E-21  1.83E-21
2809  1.82E-21  1.82E-21
2809.5  1.82E-21  1.82E-21
2810  1.81E-21  1.81E-21
2810.5  1.80E-21  1.80E-21
2811  1.80E-21  1.80E-21
2811.5  1.79E-21  1.79E-21
2812  1.78E-21  1.78E-21
2812.5  1.78E-21  1.78E-21
2813  1.77E-21  1.77E-21
2813.5  1.76E-21  1.76E-21
2814  1.75E-21  1.75E-21
2814.5  1.75E-21  1.75E-21
2815  1.74E-21  1.74E-21
2815.5  1.73E-21  1.73E-21
2816  1.73E-21  1.73E-21
2816.5  1.72E-21  1.72E-21
2817  1.71E-21  1.71E-21
2817.5  1.71E-21  1.71E-21
2818  1.70E-21  1.70E-21
2818.5  1.69E-21  1.69E-21
2819  1.68E-21  1.68E-21
2819.5  1.68E-21  1.68E-21
2820  1.67E-21  1.67E-21
2820.5  1.66E-21  1.66E-21
2821  1.66E-21  1.66E-21
2821.5  1.65E-21  1.65E-21
2822  1.65E-21  1.65E-21
2822.5  1.64E-21  1.64E-21
2823  1.63E-21  1.63E-21
2823.5  1.63E-21  1.63E-21
2824  1.62E-21  1.62E-21
2824.5  1.62E-21  1.62E-21
2825  1.61E-21  1.61E-21
2825.5  1.60E-21  1.60E-21
2826  1.60E-21  1.60E-21
2826.5  1.59E-21  1.59E-21
2827  1.59E-21  1.59E-21
2827.5  1.58E-21  1.58E-21
2828  1.57E-21  1.57E-21
2828.5  1.57E-21  1.57E-21
2829  1.56E-21  1.56E-21
2829.5  1.56E-21  1.56E-21
2830  1.55E-21  1.55E-21
2830.5  1.54E-21  1.54E-21
2831  1.54E-21  1.54E-21
2831.5  1.53E-21  1.53E-21
2832  1.53E-21  1.53E-21
2832.5  1.52E-21  1.52E-21
2833  1.51E-21  1.51E-21
2833.5  1.51E-21  1.51E-21
2834  1.50E-21  1.50E-21
2834.5  1.50E-21  1.50E-21
2835  1.49E-21  1.49E-21
2835.5  1.48E-21  1.48E-21
2836  1.48E-21  1.48E-21
2836.5  1.47E-21  1.47E-21
2837  1.47E-21  1.47E-21
2837.5  1.46E-21  1.46E-21
2838  1.45E-21  1.45E-21
2838.5  1.45E-21  1.45E-21
2839  1.44E-21  1.44E-21
2839.5  1.44E-21  1.44E-21
2840  1.43E-21  1.43E-21
2840.5  1.43E-21  1.43E-21
2841  1.42E-21  1.42E-21
2841.5  1.42E-21  1.42E-21
2842  1.41E-21  1.41E-21
2842.5  1.41E-21  1.41E-21
2843  1.40E-21  1.40E-21
2843.5  1.40E-21  1.40E-21
2844  1.39E-21  1.39E-21
2844.5  1.39E-21  1.39E-21
2845  1.38E-21  1.38E-21
2845.5  1.38E-21  1.38E-21
2846  1.37E-21  1.37E-21
2846.5  1.37E-21  1.37E-21
2847  1.36E-21  1.36E-21
2847.5  1.36E-21  1.36E-21
2848  1.35E-21  1.35E-21
2848.5  1.35E-21  1.35E-21
2849  1.34E-21  1.34E-21
2849.5  1.34E-21  1.34E-21
2850  1.33E-21  1.33E-21
2850.5  1.33E-21  1.33E-21
2851  1.32E-21  1.32E-21
2851.5  1.32E-21  1.32E-21
2852  1.31E-21  1.31E-21
2852.5  1.31E-21  1.31E-21
2853  1.30E-21  1.30E-21
2853.5  1.30E-21  1.30E-21
2854  1.29E-21  1.29E-21
2854.5  1.29E-21  1.29E-21
2855  1.28E-21  1.28E-21
2855.5  1.28E-21  1.28E-21
2856  1.27E-21  1.27E-21
2856.5  1.27E-21  1.27E-21
2857  1.26E-21  1.26E-21
2857.5  1.26E-21  1.26E-21
2858  1.25E-21  1.25E-21
2858.5  1.25E-21  1.25E-21
2859  1.24E-21  1.24E-21
2859.5  1.24E-21  1.24E-21
2860  1.23E-21  1.23E-21
2860.5  1.23E-21  1.23E-21
2861  1.22E-21  1.22E-21
2861.5  1.22E-21  1.22E-21
2862  1.21E-21  1.21E-21
2862.5  1.21E-21  1.21E-21
2863  1.20E-21  1.20E-21
2863.5  1.20E-21  1.20E-21
2864  1.20E-21  1.20E-21
2864.5  1.19E-21  1.19E-21
2865  1.19E-21  1.19E-21
2865.5  1.18E-21  1.18E-21
2866  1.18E-21  1.18E-21
2866.5  1.17E-21  1.17E-21
2867  1.17E-21  1.17E-21
2867.5  1.17E-21  1.17E-21
2868  1.16E-21  1.16E-21
2868.5  1.16E-21  1.16E-21
2869  1.15E-21  1.15E-21
2869.5  1.15E-21  1.15E-21
2870  1.15E-21  1.15E-21
2870.5  1.14E-21  1.14E-21
2871  1.14E-21  1.14E-21
2871.5  1.13E-21  1.13E-21
2872  1.13E-21  1.13E-21
2872.5  1.12E-21  1.12E-21
2873  1.12E-21  1.12E-21
2873.5  1.12E-21  1.12E-21
2874  1.11E-21  1.11E-21
2874.5  1.11E-21  1.11E-21
2875  1.10E-21  1.10E-21
2875.5  1.10E-21  1.10E-21
2876  1.09E-21  1.09E-21
2876.5  1.09E-21  1.09E-21
2877  1.09E-21  1.09E-21
2877.5  1.08E-21  1.08E-21
2878  1.08E-21  1.08E-21
2878.5  1.07E-21  1.07E-21
2879  1.07E-21  1.07E-21
2879.5  1.06E-21  1.06E-21
2880  1.06E-21  1.06E-21
2880.5  1.06E-21  1.06E-21
2881  1.05E-21  1.05E-21
2881.5  1.05E-21  1.05E-21
2882  1.04E-21  1.04E-21
2882.5  1.04E-21  1.04E-21
2883  1.04E-21  1.04E-21
2883.5  1.03E-21  1.03E-21
2884  1.03E-21  1.03E-21
2884.5  1.03E-21  1.03E-21
2885  1.02E-21  1.02E-21
2885.5  1.02E-21  1.02E-21
2886  1.01E-21  1.01E-21
2886.5  1.01E-21  1.01E-21
2887  1.01E-21  1.01E-21
2887.5  1.00E-21  1.00E-21
2888  9.99E-22  9.99E-22
2888.5  9.95E-22  9.95E-22
2889  9.91E-22  9.91E-22
2889.5  9.87E-22  9.87E-22
2890  9.84E-22  9.84E-22
2890.5  9.80E-22  9.80E-22
2891  9.76E-22  9.76E-22
2891.5  9.72E-22  9.72E-22
2892  9.68E-22  9.68E-22
2892.5  9.64E-22  9.64E-22
2893  9.61E-22  9.61E-22
2893.5  9.57E-22  9.57E-22
2894  9.53E-22  9.53E-22
2894.5  9.49E-22  9.49E-22
2895  9.45E-22  9.45E-22
2895.5  9.41E-22  9.41E-22
2896  9.38E-22  9.38E-22
2896.5  9.34E-22  9.34E-22
2897  9.30E-22  9.30E-22
2897.5  9.26E-22  9.26E-22
2898  9.22E-22  9.22E-22
2898.5  9.18E-22  9.18E-22
2899  9.15E-22  9.15E-22
2899.5  9.11E-22  9.11E-22
2900  9.07E-22  9.07E-22
2900.5  9.04E-22  9.04E-22
2901  9.00E-22  9.00E-22
2901.5  8.97E-22  8.97E-22
2902  8.94E-22  8.94E-22
2902.5  8.90E-22  8.90E-22
2903  8.87E-22  8.87E-22
2903.5  8.84E-22  8.84E-22
2904  8.80E-22  8.80E-22
2904.5  8.77E-22  8.77E-22
2905  8.74E-22  8.74E-22
2905.5  8.70E-22  8.70E-22
2906  8.67E-22  8.67E-22
2906.5  8.64E-22  8.64E-22
2907  8.60E-22  8.60E-22
2907.5  8.57E-22  8.57E-22
2908  8.54E-22  8.54E-22
2908.5  8.50E-22  8.50E-22
2909  8.47E-22  8.47E-22
2909.5  8.44E-22  8.44E-22
2910  8.41E-22  8.41E-22
2910.5  8.37E-22  8.37E-22
2911  8.34E-22  8.34E-22
2911.5  8.31E-22  8.31E-22
2912  8.27E-22  8.27E-22
2912.5  8.24E-22  8.24E-22
2913  8.21E-22  8.21E-22
2913.5  8.17E-22  8.17E-22
2914  8.14E-22  8.14E-22
2914.5  8.11E-22  8.11E-22
2915  8.07E-22  8.07E-22
2915.5  8.04E-22  8.04E-22
2916  8.01E-22  8.01E-22
2916.5  7.97E-22  7.97E-22
2917  7.94E-22  7.94E-22
2917.5  7.91E-22  7.91E-22
2918  7.87E-22  7.87E-22
2918.5  7.84E-22  7.84E-22
2919  7.81E-22  7.81E-22
2919.5  7.77E-22  7.77E-22
2920  7.74E-22  7.74E-22
2920.5  7.71E-22  7.71E-22
2921  7.69E-22  7.69E-22
2921.5  7.66E-22  7.66E-22
2922  7.63E-22  7.63E-22
2922.5  7.60E-22  7.60E-22
2923  7.58E-22  7.58E-22
2923.5  7.55E-22  7.55E-22
2924  7.52E-22  7.52E-22
2924.5  7.49E-22  7.49E-22
2925  7.47E-22  7.47E-22
2925.5  7.44E-22  7.44E-22
2926  7.41E-22  7.41E-22
2926.5  7.38E-22  7.38E-22
2927  7.36E-22  7.36E-22
2927.5  7.33E-22  7.33E-22
2928  7.30E-22  7.30E-22
2928.5  7.27E-22  7.27E-22
2929  7.25E-22  7.25E-22
2929.5  7.22E-22  7.22E-22
2930  7.19E-22  7.19E-22
2930.5  7.16E-22  7.16E-22
2931  7.14E-22  7.14E-22
2931.5  7.11E-22  7.11E-22
2932  7.08E-22  7.08E-22
2932.5  7.05E-22  7.05E-22
2933  7.03E-22  7.03E-22
2933.5  7.00E-22  7.00E-22
2934  6.97E-22  6.97E-22
2934.5  6.94E-22  6.94E-22
2935  6.92E-22  6.92E-22
2935.5  6.89E-22  6.89E-22
2936  6.86E-22  6.86E-22
2936.5  6.83E-22  6.83E-22
2937  6.81E-22  6.81E-22
2937.5  6.78E-22  6.78E-22
2938  6.75E-22  6.75E-22
2938.5  6.72E-22  6.72E-22
2939  6.70E-22  6.70E-22
2939.5  6.67E-22  6.67E-22
2940  6.64E-22  6.64E-22
2940.5  6.62E-22  6.62E-22
2941  6.60E-22  6.60E-22
2941.5  6.57E-22  6.57E-22
2942  6.55E-22  6.55E-22
2942.5  6.53E-22  6.53E-22
2943  6.51E-22  6.51E-22
2943.5  6.48E-22  6.48E-22
2944  6.46E-22  6.46E-22
2944.5  6.44E-22  6.44E-22
2945  6.42E-22  6.42E-22
2945.5  6.39E-22  6.39E-22
2946  6.37E-22  6.37E-22
2946.5  6.35E-22  6.35E-22
2947  6.33E-22  6.33E-22
2947.5  6.30E-22  6.30E-22
2948  6.28E-22  6.28E-22
2948.5  6.26E-22  6.26E-22
2949  6.24E-22  6.24E-22
2949.5  6.21E-22  6.21E-22
2950  6.19E-22  6.19E-22
2950.5  6.17E-22  6.17E-22
2951  6.15E-22  6.15E-22
2951.5  6.12E-22  6.12E-22
2952  6.10E-22  6.10E-22
2952.5  6.08E-22  6.08E-22
2953  6.06E-22  6.06E-22
2953.5  6.03E-22  6.03E-22
2954  6.01E-22  6.01E-22
2954.5  5.99E-22  5.99E-22
2955  5.97E-22  5.97E-22
2955.5  5.94E-22  5.94E-22
2956  5.92E-22  5.92E-22
2956.5  5.90E-22  5.90E-22
2957  5.88E-22  5.88E-22
2957.5  5.85E-22  5.85E-22
2958  5.83E-22  5.83E-22
2958.5  5.81E-22  5.81E-22
2959  5.79E-22  5.79E-22
2959.5  5.76E-22  5.76E-22
2960  5.74E-22  5.74E-22
2960.5  5.72E-22  5.72E-22
2961  5.70E-22  5.70E-22
2961.5  5.68E-22  5.68E-22
2962  5.66E-22  5.66E-22
2962.5  5.64E-22  5.64E-22
2963  5.62E-22  5.62E-22
2963.5  5.60E-22  5.60E-22
2964  5.58E-22  5.58E-22
2964.5  5.56E-22  5.56E-22
2965  5.55E-22  5.55E-22
2965.5  5.53E-22  5.53E-22
2966  5.51E-22  5.51E-22
2966.5  5.49E-22  5.49E-22
2967  5.47E-22  5.47E-22
2967.5  5.45E-22  5.45E-22
2968  5.43E-22  5.43E-22
2968.5  5.41E-22  5.41E-22
2969  5.39E-22  5.39E-22
2969.5  5.37E-22  5.37E-22
2970  5.35E-22  5.35E-22
2970.5  5.33E-22  5.33E-22
2971  5.31E-22  5.31E-22
2971.5  5.29E-22  5.29E-22
2972  5.27E-22  5.27E-22
2972.5  5.25E-22  5.25E-22
2973  5.23E-22  5.23E-22
2973.5  5.21E-22  5.21E-22
2974  5.19E-22  5.19E-22
2974.5  5.17E-22  5.17E-22
2975  5.16E-22  5.16E-22
2975.5  5.14E-22  5.14E-22
2976  5.12E-22  5.12E-22
2976.5  5.10E-22  5.10E-22
2977  5.08E-22  5.08E-22
2977.5  5.06E-22  5.06E-22
2978  5.04E-22  5.04E-22
2978.5  5.02E-22  5.02E-22
2979  5.00E-22  5.00E-22
2979.5  4.98E-22  4.98E-22
2980  4.96E-22  4.96E-22
2980.5  4.94E-22  4.94E-22
2981  4.92E-22  4.92E-22
2981.5  4.91E-22  4.91E-22
2982  4.89E-22  4.89E-22
2982.5  4.87E-22  4.87E-22
2983  4.85E-22  4.85E-22
2983.5  4.83E-22  4.83E-22
2984  4.82E-22  4.82E-22
2984.5  4.80E-22  4.80E-22
2985  4.78E-22  4.78E-22
2985.5  4.76E-22  4.76E-22
2986  4.74E-22  4.74E-22
2986.5  4.73E-22  4.73E-22
2987  4.71E-22  4.71E-22
2987.5  4.69E-22  4.69E-22
2988  4.67E-22  4.67E-22
2988.5  4.65E-22  4.65E-22
2989  4.64E-22  4.64E-22
2989.5  4.62E-22  4.62E-22
2990  4.60E-22  4.60E-22
2990.5  4.58E-22  4.58E-22
2991  4.56E-22  4.56E-22
2991.5  4.55E-22  4.55E-22
2992  4.53E-22  4.53E-22
2992.5  4.51E-22  4.51E-22
2993  4.49E-22  4.49E-22
2993.5  4.47E-22  4.47E-22
2994  4.46E-22  4.46E-22
2994.5  4.44E-22  4.44E-22
2995  4.42E-22  4.42E-22
2995.5  4.40E-22  4.40E-22
2996  4.38E-22  4.38E-22
2996.5  4.37E-22  4.37E-22
2997  4.35E-22  4.35E-22
2997.5  4.33E-22  4.33E-22
2998  4.31E-22  4.31E-22
2998.5  4.29E-22  4.29E-22
2999  4.28E-22  4.28E-22
2999.5  4.26E-22  4.26E-22
3000  4.24E-22  4.24E-22
3000.5  4.22E-22  4.22E-22
3001  4.21E-22  4.21E-22
3001.5  4.19E-22  4.19E-22
3002  4.18E-22  4.18E-22
3002.5  4.16E-22  4.16E-22
3003  4.15E-22  4.15E-22
3003.5  4.13E-22  4.13E-22
3004  4.11E-22  4.11E-22
3004.5  4.10E-22  4.10E-22
3005  4.08E-22  4.08E-22
3005.5  4.07E-22  4.07E-22
3006  4.05E-22  4.05E-22
3006.5  4.04E-22  4.04E-22
3007  4.02E-22  4.02E-22
3007.5  4.00E-22  4.00E-22
3008  3.99E-22  3.99E-22
3008.5  3.97E-22  3.97E-22
3009  3.96E-22  3.96E-22
3009.5  3.94E-22  3.94E-22
3010  3.93E-22  3.93E-22
3010.5  3.91E-22  3.91E-22
3011  3.89E-22  3.89E-22
3011.5  3.88E-22  3.88E-22
3012  3.86E-22  3.86E-22
3012.5  3.85E-22  3.85E-22
3013  3.83E-22  3.83E-22
3013.5  3.81E-22  3.81E-22
3014  3.80E-22  3.80E-22
3014.5  3.78E-22  3.78E-22
3015  3.77E-22  3.77E-22
3015.5  3.75E-22  3.75E-22
3016  3.74E-22  3.74E-22
3016.5  3.72E-22  3.72E-22
3017  3.70E-22  3.70E-22
3017.5  3.69E-22  3.69E-22
3018  3.67E-22  3.67E-22
3018.5  3.66E-22  3.66E-22
3019  3.64E-22  3.64E-22
3019.5  3.63E-22  3.63E-22
3020  3.61E-22  3.61E-22
3020.5  3.60E-22  3.60E-22
3021  3.58E-22  3.58E-22
3021.5  3.57E-22  3.57E-22
3022  3.56E-22  3.56E-22
3022.5  3.54E-22  3.54E-22
3023  3.53E-22  3.53E-22
3023.5  3.52E-22  3.52E-22
3024  3.50E-22  3.50E-22
3024.5  3.49E-22  3.49E-22
3025  3.48E-22  3.48E-22
3025.5  3.46E-22  3.46E-22
3026  3.45E-22  3.45E-22
3026.5  3.44E-22  3.44E-22
3027  3.42E-22  3.42E-22
3027.5  3.41E-22  3.41E-22
3028  3.40E-22  3.40E-22
3028.5  3.38E-22  3.38E-22
3029  3.37E-22  3.37E-22
3029.5  3.36E-22  3.36E-22
3030  3.35E-22  3.35E-22
3030.5  3.33E-22  3.33E-22
3031  3.32E-22  3.32E-22
3031.5  3.31E-22  3.31E-22
3032  3.29E-22  3.29E-22
3032.5  3.28E-22  3.28E-22
3033  3.27E-22  3.27E-22
3033.5  3.25E-22  3.25E-22
3034  3.24E-22  3.24E-22
3034.5  3.23E-22  3.23E-22
3035  3.21E-22  3.21E-22
3035.5  3.20E-22  3.20E-22
3036  3.19E-22  3.19E-22
3036.5  3.17E-22  3.17E-22
3037  3.16E-22  3.16E-22
3037.5  3.15E-22  3.15E-22
3038  3.13E-22  3.13E-22
3038.5  3.12E-22  3.12E-22
3039  3.11E-22  3.11E-22
3039.5  3.09E-22  3.09E-22
3040  3.08E-22  3.08E-22
3040.5  3.07E-22  3.07E-22
3041  3.06E-22  3.06E-22
3041.5  3.05E-22  3.05E-22
3042  3.04E-22  3.04E-22
3042.5  3.02E-22  3.02E-22
3043  3.01E-22  3.01E-22
3043.5  3.00E-22  3.00E-22
3044  2.99E-22  2.99E-22
3044.5  2.98E-22  2.98E-22
3045  2.97E-22  2.97E-22
3045.5  2.96E-22  2.96E-22
3046  2.95E-22  2.95E-22
3046.5  2.93E-22  2.93E-22
3047  2.92E-22  2.92E-22
3047.5  2.91E-22  2.91E-22
3048  2.90E-22  2.90E-22
3048.5  2.89E-22  2.89E-22
3049  2.88E-22  2.88E-22
3049.5  2.87E-22  2.87E-22
3050  2.86E-22  2.86E-22
3050.5  2.84E-22  2.84E-22
3051  2.83E-22  2.83E-22
3051.5  2.82E-22  2.82E-22
3052  2.81E-22  2.81E-22
3052.5  2.80E-22  2.80E-22
3053  2.79E-22  2.79E-22
3053.5  2.78E-22  2.78E-22
3054  2.77E-22  2.77E-22
3054.5  2.75E-22  2.75E-22
3055  2.74E-22  2.74E-22
3055.5  2.73E-22  2.73E-22
3056  2.72E-22  2.72E-22
3056.5  2.71E-22  2.71E-22
3057  2.70E-22  2.70E-22
3057.5  2.69E-22  2.69E-22
3058  2.68E-22  2.68E-22
3058.5  2.66E-22  2.66E-22
3059  2.65E-22  2.65E-22
3059.5  2.64E-22  2.64E-22
3060  2.63E-22  2.63E-22
3060.5  2.62E-22  2.62E-22
3061  2.61E-22  2.61E-22
3061.5  2.60E-22  2.60E-22
3062  2.59E-22  2.59E-22
3062.5  2.58E-22  2.58E-22
3063  2.57E-22  2.57E-22
3063.5  2.56E-22  2.56E-22
3064  2.55E-22  2.55E-22
3064.5  2.54E-22  2.54E-22
3065  2.53E-22  2.53E-22
3065.5  2.52E-22  2.52E-22
3066  2.51E-22  2.51E-22
3066.5  2.50E-22  2.50E-22
3067  2.49E-22  2.49E-22
3067.5  2.48E-22  2.48E-22
3068  2.47E-22  2.47E-22
3068.5  2.46E-22  2.46E-22
3069  2.45E-22  2.45E-22
3069.5  2.44E-22  2.44E-22
3070  2.44E-22  2.44E-22
3070.5  2.43E-22  2.43E-22
3071  2.42E-22  2.42E-22
3071.5  2.41E-22  2.41E-22
3072  2.40E-22  2.40E-22
3072.5  2.39E-22  2.39E-22
3073  2.38E-22  2.38E-22
3073.5  2.37E-22  2.37E-22
3074  2.36E-22  2.36E-22
3074.5  2.35E-22  2.35E-22
3075  2.34E-22  2.34E-22
3075.5  2.33E-22  2.33E-22
3076  2.32E-22  2.32E-22
3076.5  2.31E-22  2.31E-22
3077  2.30E-22  2.30E-22
3077.5  2.29E-22  2.29E-22
3078  2.28E-22  2.28E-22
3078.5  2.27E-22  2.27E-22
3079  2.26E-22  2.26E-22
3079.5  2.25E-22  2.25E-22
3080  2.24E-22  2.24E-22
3080.5  2.23E-22  2.23E-22
3081  2.22E-22  2.22E-22
3081.5  2.22E-22  2.22E-22
3082  2.21E-22  2.21E-22
3082.5  2.20E-22  2.20E-22
3083  2.19E-22  2.19E-22
3083.5  2.18E-22  2.18E-22
3084  2.18E-22  2.18E-22
3084.5  2.17E-22  2.17E-22
3085  2.16E-22  2.16E-22
3085.5  2.15E-22  2.15E-22
3086  2.14E-22  2.14E-22
3086.5  2.14E-22  2.14E-22
3087  2.13E-22  2.13E-22
3087.5  2.12E-22  2.12E-22
3088  2.11E-22  2.11E-22
3088.5  2.10E-22  2.10E-22
3089  2.10E-22  2.10E-22
3089.5  2.09E-22  2.09E-22
3090  2.08E-22  2.08E-22
3090.5  2.07E-22  2.07E-22
3091  2.06E-22  2.06E-22
3091.5  2.06E-22  2.06E-22
3092  2.05E-22  2.05E-22
3092.5  2.04E-22  2.04E-22
3093  2.03E-22  2.03E-22
3093.5  2.02E-22  2.02E-22
3094  2.02E-22  2.02E-22
3094.5  2.01E-22  2.01E-22
3095  2.00E-22  2.00E-22
3095.5  1.99E-22  1.99E-22
3096  1.98E-22  1.98E-22
3096.5  1.98E-22  1.98E-22
3097  1.97E-22  1.97E-22
3097.5  1.96E-22  1.96E-22
3098  1.95E-22  1.95E-22
3098.5  1.94E-22  1.94E-22
3099  1.94E-22  1.94E-22
3099.5  1.93E-22  1.93E-22
3100  1.92E-22  1.92E-22
3100.5  1.91E-22  1.91E-22
3101  1.91E-22  1.91E-22
3101.5  1.90E-22  1.90E-22
3102  1.89E-22  1.89E-22
3102.5  1.88E-22  1.88E-22
3103  1.88E-22  1.88E-22
3103.5  1.87E-22  1.87E-22
3104  1.86E-22  1.86E-22
3104.5  1.85E-22  1.85E-22
3105  1.85E-22  1.85E-22
3105.5  1.84E-22  1.84E-22
3106  1.83E-22  1.83E-22
3106.5  1.83E-22  1.83E-22
3107  1.82E-22  1.82E-22
3107.5  1.81E-22  1.81E-22
3108  1.80E-22  1.80E-22
3108.5  1.80E-22  1.80E-22
3109  1.79E-22  1.79E-22
3109.5  1.78E-22  1.78E-22
3110  1.78E-22  1.78E-22
3110.5  1.77E-22  1.77E-22
3111  1.76E-22  1.76E-22
3111.5  1.75E-22  1.75E-22
3112  1.75E-22  1.75E-22
3112.5  1.74E-22  1.74E-22
3113  1.73E-22  1.73E-22
3113.5  1.72E-22  1.72E-22
3114  1.72E-22  1.72E-22
3114.5  1.71E-22  1.71E-22
3115  1.70E-22  1.70E-22
3115.5  1.70E-22  1.70E-22
3116  1.69E-22  1.69E-22
3116.5  1.68E-22  1.68E-22
3117  1.67E-22  1.67E-22
3117.5  1.67E-22  1.67E-22
3118  1.66E-22  1.66E-22
3118.5  1.65E-22  1.65E-22
3119  1.64E-22  1.64E-22
3119.5  1.64E-22  1.64E-22
3120  1.63E-22  1.63E-22
3120.5  1.62E-22  1.62E-22
3121  1.62E-22  1.62E-22
3121.5  1.61E-22  1.61E-22
3122  1.61E-22  1.61E-22
3122.5  1.60E-22  1.60E-22
3123  1.60E-22  1.60E-22
3123.5  1.59E-22  1.59E-22
3124  1.58E-22  1.58E-22
3124.5  1.58E-22  1.58E-22
3125  1.57E-22  1.57E-22
3125.5  1.57E-22  1.57E-22
3126  1.56E-22  1.56E-22
3126.5  1.56E-22  1.56E-22
3127  1.55E-22  1.55E-22
3127.5  1.54E-22  1.54E-22
3128  1.54E-22  1.54E-22
3128.5  1.53E-22  1.53E-22
3129  1.53E-22  1.53E-22
3129.5  1.52E-22  1.52E-22
3130  1.52E-22  1.52E-22
3130.5  1.51E-22  1.51E-22
3131  1.50E-22  1.50E-22
3131.5  1.50E-22  1.50E-22
3132  1.49E-22  1.49E-22
3132.5  1.49E-22  1.49E-22
3133  1.48E-22  1.48E-22
3133.5  1.47E-22  1.47E-22
3134  1.47E-22  1.47E-22
3134.5  1.46E-22  1.46E-22
3135  1.46E-22  1.46E-22
3135.5  1.45E-22  1.45E-22
3136  1.45E-22  1.45E-22
3136.5  1.44E-22  1.44E-22
3137  1.43E-22  1.43E-22
3137.5  1.43E-22  1.43E-22
3138  1.42E-22  1.42E-22
3138.5  1.42E-22  1.42E-22
3139  1.41E-22  1.41E-22
3139.5  1.41E-22  1.41E-22
3140  1.40E-22  1.40E-22
3140.5  1.39E-22  1.39E-22
3141  1.39E-22  1.39E-22
3141.5  1.38E-22  1.38E-22
3142  1.38E-22  1.38E-22
3142.5  1.37E-22  1.37E-22
3143  1.37E-22  1.37E-22
3143.5  1.36E-22  1.36E-22
3144  1.36E-22  1.36E-22
3144.5  1.35E-22  1.35E-22
3145  1.35E-22  1.35E-22
3145.5  1.34E-22  1.34E-22
3146  1.34E-22  1.34E-22
3146.5  1.33E-22  1.33E-22
3147  1.33E-22  1.33E-22
3147.5  1.32E-22  1.32E-22
3148  1.32E-22  1.32E-22
3148.5  1.31E-22  1.31E-22
3149  1.31E-22  1.31E-22
3149.5  1.30E-22  1.30E-22
3150  1.30E-22  1.30E-22
3150.5  1.29E-22  1.29E-22
3151  1.28E-22  1.28E-22
3151.5  1.28E-22  1.28E-22
3152  1.27E-22  1.27E-22
3152.5  1.27E-22  1.27E-22
3153  1.26E-22  1.26E-22
3153.5  1.26E-22  1.26E-22
3154  1.25E-22  1.25E-22
3154.5  1.25E-22  1.25E-22
3155  1.24E-22  1.24E-22
3155.5  1.24E-22  1.24E-22
3156  1.23E-22  1.23E-22
3156.5  1.23E-22  1.23E-22
3157  1.22E-22  1.22E-22
3157.5  1.22E-22  1.22E-22
3158  1.21E-22  1.21E-22
3158.5  1.21E-22  1.21E-22
3159  1.20E-22  1.20E-22
3159.5  1.20E-22  1.20E-22
3160  1.19E-22  1.19E-22
3160.5  1.18E-22  1.18E-22
3161  1.18E-22  1.18E-22
3161.5  1.17E-22  1.17E-22
3162  1.17E-22  1.17E-22
3162.5  1.16E-22  1.16E-22
3163  1.16E-22  1.16E-22
3163.5  1.15E-22  1.15E-22
3164  1.15E-22  1.15E-22
3164.5  1.14E-22  1.14E-22
3165  1.14E-22  1.14E-22
3165.5  1.13E-22  1.13E-22
3166  1.13E-22  1.13E-22
3166.5  1.12E-22  1.12E-22
3167  1.12E-22  1.12E-22
3167.5  1.11E-22  1.11E-22
3168  1.10E-22  1.10E-22
3168.5  1.10E-22  1.10E-22
3169  1.09E-22  1.09E-22
3169.5  1.09E-22  1.09E-22
3170  1.08E-22  1.08E-22
3170.5  1.08E-22  1.08E-22
3171  1.07E-22  1.07E-22
3171.5  1.07E-22  1.07E-22
3172  1.06E-22  1.06E-22
3172.5  1.06E-22  1.06E-22
3173  1.05E-22  1.05E-22
3173.5  1.05E-22  1.05E-22
3174  1.04E-22  1.04E-22
3174.5  1.03E-22  1.03E-22
3175  1.03E-22  1.03E-22
3175.5  1.02E-22  1.02E-22
3176  1.02E-22  1.02E-22
3176.5  1.01E-22  1.01E-22
3177  1.01E-22  1.01E-22
3177.5  1.00E-22  1.00E-22
3178  9.97E-23  9.97E-23
3178.5  9.92E-23  9.92E-23
3179  9.87E-23  9.87E-23
3179.5  9.81E-23  9.81E-23
3180  9.76E-23  9.76E-23
3180.5  9.72E-23  9.72E-23
3181  9.68E-23  9.68E-23
3181.5  9.63E-23  9.63E-23
3182  9.59E-23  9.59E-23
3182.5  9.55E-23  9.55E-23
3183  9.51E-23  9.51E-23
3183.5  9.47E-23  9.47E-23
3184  9.43E-23  9.43E-23
3184.5  9.38E-23  9.38E-23
3185  9.34E-23  9.34E-23
3185.5  9.30E-23  9.30E-23
3186  9.26E-23  9.26E-23
3186.5  9.22E-23  9.22E-23
3187  9.18E-23  9.18E-23
3187.5  9.13E-23  9.13E-23
3188  9.09E-23  9.09E-23
3188.5  9.05E-23  9.05E-23
3189  9.01E-23  9.01E-23
3189.5  8.97E-23  8.97E-23
3190  8.93E-23  8.93E-23
3190.5  8.88E-23  8.88E-23
3191  8.84E-23  8.84E-23
3191.5  8.80E-23  8.80E-23
3192  8.76E-23  8.76E-23
3192.5  8.72E-23  8.72E-23
3193  8.67E-23  8.67E-23
3193.5  8.63E-23  8.63E-23
3194  8.59E-23  8.59E-23
3194.5  8.55E-23  8.55E-23
3195  8.51E-23  8.51E-23
3195.5  8.47E-23  8.47E-23
3196  8.42E-23  8.42E-23
3196.5  8.38E-23  8.38E-23
3197  8.34E-23  8.34E-23
3197.5  8.30E-23  8.30E-23
3198  8.26E-23  8.26E-23
3198.5  8.22E-23  8.22E-23
3199  8.17E-23  8.17E-23
3199.5  8.13E-23  8.13E-23
3200  8.09E-23  8.09E-23
3200.5  8.06E-23  8.06E-23
3201  8.03E-23  8.03E-23
3201.5  8.00E-23  8.00E-23
3202  7.97E-23  7.97E-23
3202.5  7.95E-23  7.95E-23
3203  7.92E-23  7.92E-23
3203.5  7.89E-23  7.89E-23
3204  7.86E-23  7.86E-23
3204.5  7.83E-23  7.83E-23
3205  7.80E-23  7.80E-23
3205.5  7.77E-23  7.77E-23
3206  7.74E-23  7.74E-23
3206.5  7.71E-23  7.71E-23
3207  7.68E-23  7.68E-23
3207.5  7.66E-23  7.66E-23
3208  7.63E-23  7.63E-23
3208.5  7.60E-23  7.60E-23
3209  7.57E-23  7.57E-23
3209.5  7.54E-23  7.54E-23
3210  7.51E-23  7.51E-23
3210.5  7.48E-23  7.48E-23
3211  7.45E-23  7.45E-23
3211.5  7.42E-23  7.42E-23
3212  7.39E-23  7.39E-23
3212.5  7.37E-23  7.37E-23
3213  7.34E-23  7.34E-23
3213.5  7.31E-23  7.31E-23
3214  7.28E-23  7.28E-23
3214.5  7.25E-23  7.25E-23
3215  7.22E-23  7.22E-23
3215.5  7.19E-23  7.19E-23
3216  7.16E-23  7.16E-23
3216.5  7.13E-23  7.13E-23
3217  7.10E-23  7.10E-23
3217.5  7.08E-23  7.08E-23
3218  7.05E-23  7.05E-23
3218.5  7.02E-23  7.02E-23
3219  6.99E-23  6.99E-23
3219.5  6.96E-23  6.96E-23
3220  6.93E-23  6.93E-23
3220.5  6.90E-23  6.90E-23
3221  6.88E-23  6.88E-23
3221.5  6.85E-23  6.85E-23
3222  6.83E-23  6.83E-23
3222.5  6.80E-23  6.80E-23
3223  6.78E-23  6.78E-23
3223.5  6.75E-23  6.75E-23
3224  6.72E-23  6.72E-23
3224.5  6.70E-23  6.70E-23
3225  6.67E-23  6.67E-23
3225.5  6.65E-23  6.65E-23
3226  6.62E-23  6.62E-23
3226.5  6.60E-23  6.60E-23
3227  6.57E-23  6.57E-23
3227.5  6.54E-23  6.54E-23
3228  6.52E-23  6.52E-23
3228.5  6.49E-23  6.49E-23
3229  6.47E-23  6.47E-23
3229.5  6.44E-23  6.44E-23
3230  6.42E-23  6.42E-23
3230.5  6.39E-23  6.39E-23
3231  6.36E-23  6.36E-23
3231.5  6.34E-23  6.34E-23
3232  6.31E-23  6.31E-23
3232.5  6.29E-23  6.29E-23
3233  6.26E-23  6.26E-23
3233.5  6.23E-23  6.23E-23
3234  6.21E-23  6.21E-23
3234.5  6.18E-23  6.18E-23
3235  6.16E-23  6.16E-23
3235.5  6.13E-23  6.13E-23
3236  6.11E-23  6.11E-23
3236.5  6.08E-23  6.08E-23
3237  6.05E-23  6.05E-23
3237.5  6.03E-23  6.03E-23
3238  6.00E-23  6.00E-23
3238.5  5.98E-23  5.98E-23
3239  5.95E-23  5.95E-23
3239.5  5.93E-23  5.93E-23
3240  5.90E-23  5.90E-23
3240.5  5.88E-23  5.88E-23
3241  5.86E-23  5.86E-23
3241.5  5.83E-23  5.83E-23
3242  5.81E-23  5.81E-23
3242.5  5.79E-23  5.79E-23
3243  5.77E-23  5.77E-23
3243.5  5.75E-23  5.75E-23
3244  5.72E-23  5.72E-23
3244.5  5.70E-23  5.70E-23
3245  5.68E-23  5.68E-23
3245.5  5.66E-23  5.66E-23
3246  5.64E-23  5.64E-23
3246.5  5.61E-23  5.61E-23
3247  5.59E-23  5.59E-23
3247.5  5.57E-23  5.57E-23
3248  5.55E-23  5.55E-23
3248.5  5.53E-23  5.53E-23
3249  5.50E-23  5.50E-23
3249.5  5.48E-23  5.48E-23
3250  5.46E-23  5.46E-23
3250.5  5.44E-23  5.44E-23
3251  5.42E-23  5.42E-23
3251.5  5.39E-23  5.39E-23
3252  5.37E-23  5.37E-23
3252.5  5.35E-23  5.35E-23
3253  5.33E-23  5.33E-23
3253.5  5.31E-23  5.31E-23
3254  5.28E-23  5.28E-23
3254.5  5.26E-23  5.26E-23
3255  5.24E-23  5.24E-23
3255.5  5.22E-23  5.22E-23
3256  5.20E-23  5.20E-23
3256.5  5.17E-23  5.17E-23
3257  5.15E-23  5.15E-23
3257.5  5.13E-23  5.13E-23
3258  5.11E-23  5.11E-23
3258.5  5.09E-23  5.09E-23
3259  5.06E-23  5.06E-23
3259.5  5.04E-23  5.04E-23
3260  5.02E-23  5.02E-23
3260.5  5.00E-23  5.00E-23
3261  4.98E-23  4.98E-23
3261.5  4.96E-23  4.96E-23
3262  4.95E-23  4.95E-23
3262.5  4.93E-23  4.93E-23
3263  4.91E-23  4.91E-23
3263.5  4.89E-23  4.89E-23
3264  4.87E-23  4.87E-23
3264.5  4.85E-23  4.85E-23
3265  4.83E-23  4.83E-23
3265.5  4.81E-23  4.81E-23
3266  4.80E-23  4.80E-23
3266.5  4.78E-23  4.78E-23
3267  4.76E-23  4.76E-23
3267.5  4.74E-23  4.74E-23
3268  4.72E-23  4.72E-23
3268.5  4.70E-23  4.70E-23
3269  4.68E-23  4.68E-23
3269.5  4.66E-23  4.66E-23
3270  4.65E-23  4.65E-23
3270.5  4.63E-23  4.63E-23
3271  4.61E-23  4.61E-23
3271.5  4.59E-23  4.59E-23
3272  4.57E-23  4.57E-23
3272.5  4.55E-23  4.55E-23
3273  4.53E-23  4.53E-23
3273.5  4.51E-23  4.51E-23
3274  4.50E-23  4.50E-23
3274.5  4.48E-23  4.48E-23
3275  4.46E-23  4.46E-23
3275.5  4.44E-23  4.44E-23
3276  4.42E-23  4.42E-23
3276.5  4.40E-23  4.40E-23
3277  4.38E-23  4.38E-23
3277.5  4.36E-23  4.36E-23
3278  4.35E-23  4.35E-23
3278.5  4.33E-23  4.33E-23
3279  4.31E-23  4.31E-23
3279.5  4.29E-23  4.29E-23
3280  4.27E-23  4.27E-23
3280.5  4.25E-23  4.25E-23
3281  4.24E-23  4.24E-23
3281.5  4.22E-23  4.22E-23
3282  4.21E-23  4.21E-23
3282.5  4.19E-23  4.19E-23
3283  4.17E-23  4.17E-23
3283.5  4.16E-23  4.16E-23
3284  4.14E-23  4.14E-23
3284.5  4.13E-23  4.13E-23
3285  4.11E-23  4.11E-23
3285.5  4.09E-23  4.09E-23
3286  4.08E-23  4.08E-23
3286.5  4.06E-23  4.06E-23
3287  4.05E-23  4.05E-23
3287.5  4.03E-23  4.03E-23
3288  4.01E-23  4.01E-23
3288.5  4.00E-23  4.00E-23
3289  3.98E-23  3.98E-23
3289.5  3.97E-23  3.97E-23
3290  3.95E-23  3.95E-23
3290.5  3.93E-23  3.93E-23
3291  3.92E-23  3.92E-23
3291.5  3.90E-23  3.90E-23
3292  3.89E-23  3.89E-23
3292.5  3.87E-23  3.87E-23
3293  3.85E-23  3.85E-23
3293.5  3.84E-23  3.84E-23
3294  3.82E-23  3.82E-23
3294.5  3.81E-23  3.81E-23
3295  3.79E-23  3.79E-23
3295.5  3.77E-23  3.77E-23
3296  3.76E-23  3.76E-23
3296.5  3.74E-23  3.74E-23
3297  3.73E-23  3.73E-23
3297.5  3.71E-23  3.71E-23
3298  3.69E-23  3.69E-23
3298.5  3.68E-23  3.68E-23
3299  3.66E-23  3.66E-23
3299.5  3.65E-23  3.65E-23
3300  3.63E-23  3.63E-23
3300.5  0.00E+00  0.00E+00
3301  0.00E+00  0.00E+00
3301.5  0.00E+00  0.00E+00
3302  0.00E+00  0.00E+00
3302.5  0.00E+00  0.00E+00
3303  0.00E+00  0.00E+00
3303.5  0.00E+00  0.00E+00
3304  0.00E+00  0.00E+00
3304.5  0.00E+00  0.00E+00
3305  0.00E+00  0.00E+00
3305.5  0.00E+00  0.00E+00
3306  0.00E+00  0.00E+00
3306.5  0.00E+00  0.00E+00
3307  0.00E+00  0.00E+00
3307.5  0.00E+00  0.00E+00
3308  0.00E+00  0.00E+00
3308.5  0.00E+00  0.00E+00
3309  0.00E+00  0.00E+00
3309.5  0.00E+00  0.00E+00
3310  0.00E+00  0.00E+00
3310.5  0.00E+00  0.00E+00
3311  0.00E+00  0.00E+00
3311.5  0.00E+00  0.00E+00
3312  0.00E+00  0.00E+00
3312.5  0.00E+00  0.00E+00
3313  0.00E+00  0.00E+00
3313.5  0.00E+00  0.00E+00
3314  0.00E+00  0.00E+00
3314.5  0.00E+00  0.00E+00
3315  0.00E+00  0.00E+00
3315.5  0.00E+00  0.00E+00
3316  0.00E+00  0.00E+00
3316.5  0.00E+00  0.00E+00
3317  0.00E+00  0.00E+00
3317.5  0.00E+00  0.00E+00
3318  0.00E+00  0.00E+00
3318.5  0.00E+00  0.00E+00
3319  0.00E+00  0.00E+00
3319.5  0.00E+00  0.00E+00
3320  0.00E+00  0.00E+00
3320.5  0.00E+00  0.00E+00
3321  0.00E+00  0.00E+00
3321.5  0.00E+00  0.00E+00
3322  0.00E+00  0.00E+00
3322.5  0.00E+00  0.00E+00
3323  0.00E+00  0.00E+00
3323.5  0.00E+00  0.00E+00
3324  0.00E+00  0.00E+00
3324.5  0.00E+00  0.00E+00
3325  0.00E+00  0.00E+00
3325.5  0.00E+00  0.00E+00
3326  0.00E+00  0.00E+00
3326.5  0.00E+00  0.00E+00
3327  0.00E+00  0.00E+00
3327.5  0.00E+00  0.00E+00
3328  0.00E+00  0.00E+00
3328.5  0.00E+00  0.00E+00
3329  0.00E+00  0.00E+00
3329.5  0.00E+00  0.00E+00
3330  0.00E+00  0.00E+00
3330.5  0.00E+00  0.00E+00
3331  0.00E+00  0.00E+00
3331.5  0.00E+00  0.00E+00
3332  0.00E+00  0.00E+00
3332.5  0.00E+00  0.00E+00
3333  0.00E+00  0.00E+00
3333.5  0.00E+00  0.00E+00
3334  0.00E+00  0.00E+00
3334.5  0.00E+00  0.00E+00
3335  0.00E+00  0.00E+00
3335.5  0.00E+00  0.00E+00
3336  0.00E+00  0.00E+00
3336.5  0.00E+00  0.00E+00
3337  0.00E+00  0.00E+00
3337.5  0.00E+00  0.00E+00
3338  0.00E+00  0.00E+00
3338.5  0.00E+00  0.00E+00
3339  0.00E+00  0.00E+00
3339.5  0.00E+00  0.00E+00
3340  0.00E+00  0.00E+00
3340.5  0.00E+00  0.00E+00
3341  0.00E+00  0.00E+00
3341.5  0.00E+00  0.00E+00
3342  0.00E+00  0.00E+00
3342.5  0.00E+00  0.00E+00
3343  0.00E+00  0.00E+00
3343.5  0.00E+00  0.00E+00
3344  0.00E+00  0.00E+00
3344.5  0.00E+00  0.00E+00
3345  0.00E+00  0.00E+00
3345.5  0.00E+00  0.00E+00
3346  0.00E+00  0.00E+00
3346.5  0.00E+00  0.00E+00
3347  0.00E+00  0.00E+00
3347.5  0.00E+00  0.00E+00
3348  0.00E+00  0.00E+00
3348.5  0.00E+00  0.00E+00
3349  0.00E+00  0.00E+00
3349.5  0.00E+00  0.00E+00
3350  0.00E+00  0.00E+00
3350.5  0.00E+00  0.00E+00
3351  0.00E+00  0.00E+00
3351.5  0.00E+00  0.00E+00
3352  0.00E+00  0.00E+00
3352.5  0.00E+00  0.00E+00
3353  0.00E+00  0.00E+00
3353.5  0.00E+00  0.00E+00
3354  0.00E+00  0.00E+00
3354.5  0.00E+00  0.00E+00
3355  0.00E+00  0.00E+00
3355.5  0.00E+00  0.00E+00
3356  0.00E+00  0.00E+00
3356.5  0.00E+00  0.00E+00
3357  0.00E+00  0.00E+00
3357.5  0.00E+00  0.00E+00
3358  0.00E+00  0.00E+00
3358.5  0.00E+00  0.00E+00
3359  0.00E+00  0.00E+00
3359.5  0.00E+00  0.00E+00
3360  0.00E+00  0.00E+00
3360.5  0.00E+00  0.00E+00
3361  0.00E+00  0.00E+00
3361.5  0.00E+00  0.00E+00
3362  0.00E+00  0.00E+00
3362.5  0.00E+00  0.00E+00
3363  0.00E+00  0.00E+00
3363.5  0.00E+00  0.00E+00
3364  0.00E+00  0.00E+00
3364.5  0.00E+00  0.00E+00
3365  0.00E+00  0.00E+00
3365.5  0.00E+00  0.00E+00
3366  0.00E+00  0.00E+00
3366.5  0.00E+00  0.00E+00
3367  0.00E+00  0.00E+00
3367.5  0.00E+00  0.00E+00
3368  0.00E+00  0.00E+00
3368.5  0.00E+00  0.00E+00
3369  0.00E+00  0.00E+00
3369.5  0.00E+00  0.00E+00
3370  0.00E+00  0.00E+00
3370.5  0.00E+00  0.00E+00
3371  0.00E+00  0.00E+00
3371.5  0.00E+00  0.00E+00
3372  0.00E+00  0.00E+00
3372.5  0.00E+00  0.00E+00
3373  0.00E+00  0.00E+00
3373.5  0.00E+00  0.00E+00
3374  0.00E+00  0.00E+00
3374.5  0.00E+00  0.00E+00
3375  0.00E+00  0.00E+00
3375.5  0.00E+00  0.00E+00
3376  0.00E+00  0.00E+00
3376.5  0.00E+00  0.00E+00
3377  0.00E+00  0.00E+00
3377.5  0.00E+00  0.00E+00
3378  0.00E+00  0.00E+00
3378.5  0.00E+00  0.00E+00
3379  0.00E+00  0.00E+00
3379.5  0.00E+00  0.00E+00
3380  0.00E+00  0.00E+00
3380.5  0.00E+00  0.00E+00
3381  0.00E+00  0.00E+00
3381.5  0.00E+00  0.00E+00
3382  0.00E+00  0.00E+00
3382.5  0.00E+00  0.00E+00
3383  0.00E+00  0.00E+00
3383.5  0.00E+00  0.00E+00
3384  0.00E+00  0.00E+00
3384.5  0.00E+00  0.00E+00
3385  0.00E+00  0.00E+00
3385.5  0.00E+00  0.00E+00
3386  0.00E+00  0.00E+00
3386.5  0.00E+00  0.00E+00
3387  0.00E+00  0.00E+00
3387.5  0.00E+00  0.00E+00
3388  0.00E+00  0.00E+00
3388.5  0.00E+00  0.00E+00
3389  0.00E+00  0.00E+00
3389.5  0.00E+00  0.00E+00
3390  0.00E+00  0.00E+00
3390.5  0.00E+00  0.00E+00
3391  0.00E+00  0.00E+00
3391.5  0.00E+00  0.00E+00
3392  0.00E+00  0.00E+00
3392.5  0.00E+00  0.00E+00
3393  0.00E+00  0.00E+00
3393.5  0.00E+00  0.00E+00
3394  0.00E+00  0.00E+00
3394.5  0.00E+00  0.00E+00
3395  0.00E+00  0.00E+00
3395.5  0.00E+00  0.00E+00
3396  0.00E+00  0.00E+00
3396.5  0.00E+00  0.00E+00
3397  0.00E+00  0.00E+00
3397.5  0.00E+00  0.00E+00
3398  0.00E+00  0.00E+00
3398.5  0.00E+00  0.00E+00
3399  0.00E+00  0.00E+00
3399.5  0.00E+00  0.00E+00
3400  0.00E+00  0.00E+00
3400.5  0.00E+00  0.00E+00
3401  0.00E+00  0.00E+00
3401.5  0.00E+00  0.00E+00
3402  0.00E+00  0.00E+00
3402.5  0.00E+00  0.00E+00
3403  0.00E+00  0.00E+00
3403.5  0.00E+00  0.00E+00
3404  0.00E+00  0.00E+00
3404.5  0.00E+00  0.00E+00
3405  0.00E+00  0.00E+00
3405.5  0.00E+00  0.00E+00
3406  0.00E+00  0.00E+00
3406.5  0.00E+00  0.00E+00
3407  0.00E+00  0.00E+00
3407.5  0.00E+00  0.00E+00
3408  0.00E+00  0.00E+00
3408.5  0.00E+00  0.00E+00
3409  0.00E+00  0.00E+00
3409.5  0.00E+00  0.00E+00
3410  0.00E+00  0.00E+00
3410.5  0.00E+00  0.00E+00
3411  0.00E+00  0.00E+00
3411.5  0.00E+00  0.00E+00
3412  0.00E+00  0.00E+00
3412.5  0.00E+00  0.00E+00
3413  0.00E+00  0.00E+00
3413.5  0.00E+00  0.00E+00
3414  0.00E+00  0.00E+00
3414.5  0.00E+00  0.00E+00
3415  0.00E+00  0.00E+00
3415.5  0.00E+00  0.00E+00
3416  0.00E+00  0.00E+00
3416.5  0.00E+00  0.00E+00
3417  0.00E+00  0.00E+00
3417.5  0.00E+00  0.00E+00
3418  0.00E+00  0.00E+00
3418.5  0.00E+00  0.00E+00
3419  0.00E+00  0.00E+00
3419.5  0.00E+00  0.00E+00
3420  0.00E+00  0.00E+00
3420.5  0.00E+00  0.00E+00
3421  0.00E+00  0.00E+00
3421.5  0.00E+00  0.00E+00
3422  0.00E+00  0.00E+00
3422.5  0.00E+00  0.00E+00
3423  0.00E+00  0.00E+00
3423.5  0.00E+00  0.00E+00
3424  0.00E+00  0.00E+00
3424.5  0.00E+00  0.00E+00
3425  0.00E+00  0.00E+00
3425.5  0.00E+00  0.00E+00
3426  0.00E+00  0.00E+00
3426.5  0.00E+00  0.00E+00
3427  0.00E+00  0.00E+00
3427.5  0.00E+00  0.00E+00
3428  0.00E+00  0.00E+00
3428.5  0.00E+00  0.00E+00
3429  0.00E+00  0.00E+00
3429.5  0.00E+00  0.00E+00
3430  0.00E+00  0.00E+00
3430.5  0.00E+00  0.00E+00
3431  0.00E+00  0.00E+00
3431.5  0.00E+00  0.00E+00
3432  0.00E+00  0.00E+00
3432.5  0.00E+00  0.00E+00
3433  0.00E+00  0.00E+00
3433.5  0.00E+00  0.00E+00
3434  0.00E+00  0.00E+00
3434.5  0.00E+00  0.00E+00
3435  0.00E+00  0.00E+00
3435.5  0.00E+00  0.00E+00
3436  0.00E+00  0.00E+00
3436.5  0.00E+00  0.00E+00
3437  0.00E+00  0.00E+00
3437.5  0.00E+00  0.00E+00
3438  0.00E+00  0.00E+00
3438.5  0.00E+00  0.00E+00
3439  0.00E+00  0.00E+00
3439.5  0.00E+00  0.00E+00
3440  0.00E+00  0.00E+00
3440.5  0.00E+00  0.00E+00
3441  0.00E+00  0.00E+00
3441.5  0.00E+00  0.00E+00
3442  0.00E+00  0.00E+00
3442.5  0.00E+00  0.00E+00
3443  0.00E+00  0.00E+00
3443.5  0.00E+00  0.00E+00
3444  0.00E+00  0.00E+00
3444.5  0.00E+00  0.00E+00
3445  0.00E+00  0.00E+00
3445.5  0.00E+00  0.00E+00
3446  0.00E+00  0.00E+00
3446.5  0.00E+00  0.00E+00
3447  0.00E+00  0.00E+00
3447.5  0.00E+00  0.00E+00
3448  0.00E+00  0.00E+00
3448.5  0.00E+00  0.00E+00
3449  0.00E+00  0.00E+00
3449.5  0.00E+00  0.00E+00
3450  0.00E+00  0.00E+00
3450.5  0.00E+00  0.00E+00
3451  0.00E+00  0.00E+00
3451.5  0.00E+00  0.00E+00
3452  0.00E+00  0.00E+00
3452.5  0.00E+00  0.00E+00
3453  0.00E+00  0.00E+00
3453.5  0.00E+00  0.00E+00
3454  0.00E+00  0.00E+00
3454.5  0.00E+00  0.00E+00
3455  0.00E+00  0.00E+00
3455.5  0.00E+00  0.00E+00
3456  0.00E+00  0.00E+00
3456.5  0.00E+00  0.00E+00
3457  0.00E+00  0.00E+00
3457.5  0.00E+00  0.00E+00
3458  0.00E+00  0.00E+00
3458.5  0.00E+00  0.00E+00
3459  0.00E+00  0.00E+00
3459.5  0.00E+00  0.00E+00
3460  0.00E+00  0.00E+00
3460.5  0.00E+00  0.00E+00
3461  0.00E+00  0.00E+00
3461.5  0.00E+00  0.00E+00
3462  0.00E+00  0.00E+00
3462.5  0.00E+00  0.00E+00
3463  0.00E+00  0.00E+00
3463.5  0.00E+00  0.00E+00
3464  0.00E+00  0.00E+00
3464.5  0.00E+00  0.00E+00
3465  0.00E+00  0.00E+00
3465.5  0.00E+00  0.00E+00
3466  0.00E+00  0.00E+00
3466.5  0.00E+00  0.00E+00
3467  0.00E+00  0.00E+00
3467.5  0.00E+00  0.00E+00
3468  0.00E+00  0.00E+00
3468.5  0.00E+00  0.00E+00
3469  0.00E+00  0.00E+00
3469.5  0.00E+00  0.00E+00
3470  0.00E+00  0.00E+00
3470.5  0.00E+00  0.00E+00
3471  0.00E+00  0.00E+00
3471.5  0.00E+00  0.00E+00
3472  0.00E+00  0.00E+00
3472.5  0.00E+00  0.00E+00
3473  0.00E+00  0.00E+00
3473.5  0.00E+00  0.00E+00
3474  0.00E+00  0.00E+00
3474.5  0.00E+00  0.00E+00
3475  0.00E+00  0.00E+00
3475.5  0.00E+00  0.00E+00
3476  0.00E+00  0.00E+00
3476.5  0.00E+00  0.00E+00
3477  0.00E+00  0.00E+00
3477.5  0.00E+00  0.00E+00
3478  0.00E+00  0.00E+00
3478.5  0.00E+00  0.00E+00
3479  0.00E+00  0.00E+00
3479.5  0.00E+00  0.00E+00
3480  0.00E+00  0.00E+00
3480.5  0.00E+00  0.00E+00
3481  0.00E+00  0.00E+00
3481.5  0.00E+00  0.00E+00
3482  0.00E+00  0.00E+00
3482.5  0.00E+00  0.00E+00
3483  0.00E+00  0.00E+00
3483.5  0.00E+00  0.00E+00
3484  0.00E+00  0.00E+00
3484.5  0.00E+00  0.00E+00
3485  0.00E+00  0.00E+00
3485.5  0.00E+00  0.00E+00
3486  0.00E+00  0.00E+00
3486.5  0.00E+00  0.00E+00
3487  0.00E+00  0.00E+00
3487.5  0.00E+00  0.00E+00
3488  0.00E+00  0.00E+00
3488.5  0.00E+00  0.00E+00
3489  0.00E+00  0.00E+00
3489.5  0.00E+00  0.00E+00
3490  0.00E+00  0.00E+00
3490.5  0.00E+00  0.00E+00
3491  0.00E+00  0.00E+00
3491.5  0.00E+00  0.00E+00
3492  0.00E+00  0.00E+00
3492.5  0.00E+00  0.00E+00
3493  0.00E+00  0.00E+00
3493.5  0.00E+00  0.00E+00
3494  0.00E+00  0.00E+00
3494.5  0.00E+00  0.00E+00
3495  0.00E+00  0.00E+00
3495.5  0.00E+00  0.00E+00
3496  0.00E+00  0.00E+00
3496.5  0.00E+00  0.00E+00
3497  0.00E+00  0.00E+00
3497.5  0.00E+00  0.00E+00
3498  0.00E+00  0.00E+00
3498.5  0.00E+00  0.00E+00
3499  0.00E+00  0.00E+00
3499.5  0.00E+00  0.00E+00
3500  0.00E+00  0.00E+00
3500.5  0.00E+00  0.00E+00
3501  0.00E+00  0.00E+00
3501.5  0.00E+00  0.00E+00
3502  0.00E+00  0.00E+00
3502.5  0.00E+00  0.00E+00
3503  0.00E+00  0.00E+00
3503.5  0.00E+00  0.00E+00
3504  0.00E+00  0.00E+00
3504.5  0.00E+00  0.00E+00
3505  0.00E+00  0.00E+00
3505.5  0.00E+00  0.00E+00
3506  0.00E+00  0.00E+00
3506.5  0.00E+00  0.00E+00
3507  0.00E+00  0.00E+00
3507.5  0.00E+00  0.00E+00
3508  0.00E+00  0.00E+00
3508.5  0.00E+00  0.00E+00
3509  0.00E+00  0.00E+00
3509.5  0.00E+00  0.00E+00
3510  0.00E+00  0.00E+00
3510.5  0.00E+00  0.00E+00
3511  0.00E+00  0.00E+00
3511.5  0.00E+00  0.00E+00
3512  0.00E+00  0.00E+00
3512.5  0.00E+00  0.00E+00
3513  0.00E+00  0.00E+00
3513.5  0.00E+00  0.00E+00
3514  0.00E+00  0.00E+00
3514.5  0.00E+00  0.00E+00
3515  0.00E+00  0.00E+00
3515.5  0.00E+00  0.00E+00
3516  0.00E+00  0.00E+00
3516.5  0.00E+00  0.00E+00
3517  0.00E+00  0.00E+00
3517.5  0.00E+00  0.00E+00
3518  0.00E+00  0.00E+00
3518.5  0.00E+00  0.00E+00
3519  0.00E+00  0.00E+00
3519.5  0.00E+00  0.00E+00
3520  0.00E+00  0.00E+00
3520.5  0.00E+00  0.00E+00
3521  0.00E+00  0.00E+00
3521.5  0.00E+00  0.00E+00
3522  0.00E+00  0.00E+00
3522.5  0.00E+00  0.00E+00
3523  0.00E+00  0.00E+00
3523.5  0.00E+00  0.00E+00
3524  0.00E+00  0.00E+00
3524.5  0.00E+00  0.00E+00
3525  0.00E+00  0.00E+00
3525.5  0.00E+00  0.00E+00
3526  0.00E+00  0.00E+00
3526.5  0.00E+00  0.00E+00
3527  0.00E+00  0.00E+00
3527.5  0.00E+00  0.00E+00
3528  0.00E+00  0.00E+00
3528.5  0.00E+00  0.00E+00
3529  0.00E+00  0.00E+00
3529.5  0.00E+00  0.00E+00
3530  0.00E+00  0.00E+00
3530.5  0.00E+00  0.00E+00
3531  0.00E+00  0.00E+00
3531.5  0.00E+00  0.00E+00
3532  0.00E+00  0.00E+00
3532.5  0.00E+00  0.00E+00
3533  0.00E+00  0.00E+00
3533.5  0.00E+00  0.00E+00
3534  0.00E+00  0.00E+00
3534.5  0.00E+00  0.00E+00
3535  0.00E+00  0.00E+00
3535.5  0.00E+00  0.00E+00
3536  0.00E+00  0.00E+00
3536.5  0.00E+00  0.00E+00
3537  0.00E+00  0.00E+00
3537.5  0.00E+00  0.00E+00
3538  0.00E+00  0.00E+00
3538.5  0.00E+00  0.00E+00
3539  0.00E+00  0.00E+00
3539.5  0.00E+00  0.00E+00
3540  0.00E+00  0.00E+00
3540.5  0.00E+00  0.00E+00
3541  0.00E+00  0.00E+00
3541.5  0.00E+00  0.00E+00
3542  0.00E+00  0.00E+00
3542.5  0.00E+00  0.00E+00
3543  0.00E+00  0.00E+00
3543.5  0.00E+00  0.00E+00
3544  0.00E+00  0.00E+00
3544.5  0.00E+00  0.00E+00
3545  0.00E+00  0.00E+00
3545.5  0.00E+00  0.00E+00
3546  0.00E+00  0.00E+00
3546.5  0.00E+00  0.00E+00
3547  0.00E+00  0.00E+00
3547.5  0.00E+00  0.00E+00
3548  0.00E+00  0.00E+00
3548.5  0.00E+00  0.00E+00
3549  0.00E+00  0.00E+00
3549.5  0.00E+00  0.00E+00
3550  0.00E+00  0.00E+00
3550.5  0.00E+00  0.00E+00
3551  0.00E+00  0.00E+00
3551.5  0.00E+00  0.00E+00
3552  0.00E+00  0.00E+00
3552.5  0.00E+00  0.00E+00
3553  0.00E+00  0.00E+00
3553.5  0.00E+00  0.00E+00
3554  0.00E+00  0.00E+00
3554.5  0.00E+00  0.00E+00
3555  0.00E+00  0.00E+00
3555.5  0.00E+00  0.00E+00
3556  0.00E+00  0.00E+00
3556.5  0.00E+00  0.00E+00
3557  0.00E+00  0.00E+00
3557.5  0.00E+00  0.00E+00
3558  0.00E+00  0.00E+00
3558.5  0.00E+00  0.00E+00
3559  0.00E+00  0.00E+00
3559.5  0.00E+00  0.00E+00
3560  0.00E+00  0.00E+00
3560.5  0.00E+00  0.00E+00
3561  0.00E+00  0.00E+00
3561.5  0.00E+00  0.00E+00
3562  0.00E+00  0.00E+00
3562.5  0.00E+00  0.00E+00
3563  0.00E+00  0.00E+00
3563.5  0.00E+00  0.00E+00
3564  0.00E+00  0.00E+00
3564.5  0.00E+00  0.00E+00
3565  0.00E+00  0.00E+00
3565.5  0.00E+00  0.00E+00
3566  0.00E+00  0.00E+00
3566.5  0.00E+00  0.00E+00
3567  0.00E+00  0.00E+00
3567.5  0.00E+00  0.00E+00
3568  0.00E+00  0.00E+00
3568.5  0.00E+00  0.00E+00
3569  0.00E+00  0.00E+00
3569.5  0.00E+00  0.00E+00
3570  0.00E+00  0.00E+00
3570.5  0.00E+00  0.00E+00
3571  0.00E+00  0.00E+00
3571.5  0.00E+00  0.00E+00
3572  0.00E+00  0.00E+00
3572.5  0.00E+00  0.00E+00
3573  0.00E+00  0.00E+00
3573.5  0.00E+00  0.00E+00
3574  0.00E+00  0.00E+00
3574.5  0.00E+00  0.00E+00
3575  0.00E+00  0.00E+00
3575.5  0.00E+00  0.00E+00
3576  0.00E+00  0.00E+00
3576.5  0.00E+00  0.00E+00
3577  0.00E+00  0.00E+00
3577.5  0.00E+00  0.00E+00
3578  0.00E+00  0.00E+00
3578.5  0.00E+00  0.00E+00
3579  0.00E+00  0.00E+00
3579.5  0.00E+00  0.00E+00
3580  0.00E+00  0.00E+00
3580.5  0.00E+00  0.00E+00
3581  0.00E+00  0.00E+00
3581.5  0.00E+00  0.00E+00
3582  0.00E+00  0.00E+00
3582.5  0.00E+00  0.00E+00
3583  0.00E+00  0.00E+00
3583.5  0.00E+00  0.00E+00
3584  0.00E+00  0.00E+00
3584.5  0.00E+00  0.00E+00
3585  0.00E+00  0.00E+00
3585.5  0.00E+00  0.00E+00
3586  0.00E+00  0.00E+00
3586.5  0.00E+00  0.00E+00
3587  0.00E+00  0.00E+00
3587.5  0.00E+00  0.00E+00
3588  0.00E+00  0.00E+00
3588.5  0.00E+00  0.00E+00
3589  0.00E+00  0.00E+00
3589.5  0.00E+00  0.00E+00
3590  0.00E+00  0.00E+00
3590.5  0.00E+00  0.00E+00
3591  0.00E+00  0.00E+00
3591.5  0.00E+00  0.00E+00
3592  0.00E+00  0.00E+00
3592.5  0.00E+00  0.00E+00
3593  0.00E+00  0.00E+00
3593.5  0.00E+00  0.00E+00
3594  0.00E+00  0.00E+00
3594.5  0.00E+00  0.00E+00
3595  0.00E+00  0.00E+00
3595.5  0.00E+00  0.00E+00
3596  0.00E+00  0.00E+00
3596.5  0.00E+00  0.00E+00
3597  0.00E+00  0.00E+00
3597.5  0.00E+00  0.00E+00
3598  0.00E+00  0.00E+00
3598.5  0.00E+00  0.00E+00
3599  0.00E+00  0.00E+00
3599.5  0.00E+00  0.00E+00
3600  0.00E+00  0.00E+00
3600.5  0.00E+00  0.00E+00
3601  0.00E+00  0.00E+00
3601.5  0.00E+00  0.00E+00
3602  0.00E+00  0.00E+00
3602.5  0.00E+00  0.00E+00
3603  0.00E+00  0.00E+00
3603.5  0.00E+00  0.00E+00
3604  0.00E+00  0.00E+00
3604.5  0.00E+00  0.00E+00
3605  0.00E+00  0.00E+00
3605.5  0.00E+00  0.00E+00
3606  0.00E+00  0.00E+00
3606.5  0.00E+00  0.00E+00
3607  0.00E+00  0.00E+00
3607.5  0.00E+00  0.00E+00
3608  0.00E+00  0.00E+00
3608.5  0.00E+00  0.00E+00
3609  0.00E+00  0.00E+00
3609.5  0.00E+00  0.00E+00
3610  0.00E+00  0.00E+00
3610.5  0.00E+00  0.00E+00
3611  0.00E+00  0.00E+00
3611.5  0.00E+00  0.00E+00
3612  0.00E+00  0.00E+00
3612.5  0.00E+00  0.00E+00
3613  0.00E+00  0.00E+00
3613.5  0.00E+00  0.00E+00
3614  0.00E+00  0.00E+00
3614.5  0.00E+00  0.00E+00
3615  0.00E+00  0.00E+00
3615.5  0.00E+00  0.00E+00
3616  0.00E+00  0.00E+00
3616.5  0.00E+00  0.00E+00
3617  0.00E+00  0.00E+00
3617.5  0.00E+00  0.00E+00
3618  0.00E+00  0.00E+00
3618.5  0.00E+00  0.00E+00
3619  0.00E+00  0.00E+00
3619.5  0.00E+00  0.00E+00
3620  0.00E+00  0.00E+00
3620.5  0.00E+00  0.00E+00
3621  0.00E+00  0.00E+00
3621.5  0.00E+00  0.00E+00
3622  0.00E+00  0.00E+00
3622.5  0.00E+00  0.00E+00
3623  0.00E+00  0.00E+00
3623.5  0.00E+00  0.00E+00
3624  0.00E+00  0.00E+00
3624.5  0.00E+00  0.00E+00
3625  0.00E+00  0.00E+00
3625.5  0.00E+00  0.00E+00
3626  0.00E+00  0.00E+00
3626.5  0.00E+00  0.00E+00
3627  0.00E+00  0.00E+00
3627.5  0.00E+00  0.00E+00
3628  0.00E+00  0.00E+00
3628.5  0.00E+00  0.00E+00
3629  0.00E+00  0.00E+00
3629.5  0.00E+00  0.00E+00
3630  0.00E+00  0.00E+00
3630.5  0.00E+00  0.00E+00
3631  0.00E+00  0.00E+00
3631.5  0.00E+00  0.00E+00
3632  0.00E+00  0.00E+00
3632.5  0.00E+00  0.00E+00
3633  0.00E+00  0.00E+00
3633.5  0.00E+00  0.00E+00
3634  0.00E+00  0.00E+00
3634.5  0.00E+00  0.00E+00
3635  0.00E+00  0.00E+00
3635.5  0.00E+00  0.00E+00
3636  0.00E+00  0.00E+00
3636.5  0.00E+00  0.00E+00
3637  0.00E+00  0.00E+00
3637.5  0.00E+00  0.00E+00
3638  0.00E+00  0.00E+00
3638.5  0.00E+00  0.00E+00
3639  0.00E+00  0.00E+00
3639.5  0.00E+00  0.00E+00
3640  0.00E+00  0.00E+00
3640.5  0.00E+00  0.00E+00
3641  0.00E+00  0.00E+00
3641.5  0.00E+00  0.00E+00
3642  0.00E+00  0.00E+00
3642.5  0.00E+00  0.00E+00
3643  0.00E+00  0.00E+00
3643.5  0.00E+00  0.00E+00
3644  0.00E+00  0.00E+00
3644.5  0.00E+00  0.00E+00
3645  0.00E+00  0.00E+00
3645.5  0.00E+00  0.00E+00
3646  0.00E+00  0.00E+00
3646.5  0.00E+00  0.00E+00
3647  0.00E+00  0.00E+00
3647.5  0.00E+00  0.00E+00
3648  0.00E+00  0.00E+00
3648.5  0.00E+00  0.00E+00
3649  0.00E+00  0.00E+00
3649.5  0.00E+00  0.00E+00
3650  0.00E+00  0.00E+00
3650.5  0.00E+00  0.00E+00
3651  0.00E+00  0.00E+00
3651.5  0.00E+00  0.00E+00
3652  0.00E+00  0.00E+00
3652.5  0.00E+00  0.00E+00
3653  0.00E+00  0.00E+00
3653.5  0.00E+00  0.00E+00
3654  0.00E+00  0.00E+00
3654.5  0.00E+00  0.00E+00
3655  0.00E+00  0.00E+00
3655.5  0.00E+00  0.00E+00
3656  0.00E+00  0.00E+00
3656.5  0.00E+00  0.00E+00
3657  0.00E+00  0.00E+00
3657.5  0.00E+00  0.00E+00
3658  0.00E+00  0.00E+00
3658.5  0.00E+00  0.00E+00
3659  0.00E+00  0.00E+00
3659.5  0.00E+00  0.00E+00
3660  0.00E+00  0.00E+00
3660.5  0.00E+00  0.00E+00
3661  0.00E+00  0.00E+00
3661.5  0.00E+00  0.00E+00
3662  0.00E+00  0.00E+00
3662.5  0.00E+00  0.00E+00
3663  0.00E+00  0.00E+00
3663.5  0.00E+00  0.00E+00
3664  0.00E+00  0.00E+00
3664.5  0.00E+00  0.00E+00
3665  0.00E+00  0.00E+00
3665.5  0.00E+00  0.00E+00
3666  0.00E+00  0.00E+00
3666.5  0.00E+00  0.00E+00
3667  0.00E+00  0.00E+00
3667.5  0.00E+00  0.00E+00
3668  0.00E+00  0.00E+00
3668.5  0.00E+00  0.00E+00
3669  0.00E+00  0.00E+00
3669.5  0.00E+00  0.00E+00
3670  0.00E+00  0.00E+00
3670.5  0.00E+00  0.00E+00
3671  0.00E+00  0.00E+00
3671.5  0.00E+00  0.00E+00
3672  0.00E+00  0.00E+00
3672.5  0.00E+00  0.00E+00
3673  0.00E+00  0.00E+00
3673.5  0.00E+00  0.00E+00
3674  0.00E+00  0.00E+00
3674.5  0.00E+00  0.00E+00
3675  0.00E+00  0.00E+00
3675.5  0.00E+00  0.00E+00
3676  0.00E+00  0.00E+00
3676.5  0.00E+00  0.00E+00
3677  0.00E+00  0.00E+00
3677.5  0.00E+00  0.00E+00
3678  0.00E+00  0.00E+00
3678.5  0.00E+00  0.00E+00
3679  0.00E+00  0.00E+00
3679.5  0.00E+00  0.00E+00
3680  0.00E+00  0.00E+00
3680.5  0.00E+00  0.00E+00
3681  0.00E+00  0.00E+00
3681.5  0.00E+00  0.00E+00
3682  0.00E+00  0.00E+00
3682.5  0.00E+00  0.00E+00
3683  0.00E+00  0.00E+00
3683.5  0.00E+00  0.00E+00
3684  0.00E+00  0.00E+00
3684.5  0.00E+00  0.00E+00
3685  0.00E+00  0.00E+00
3685.5  0.00E+00  0.00E+00
3686  0.00E+00  0.00E+00
3686.5  0.00E+00  0.00E+00
3687  0.00E+00  0.00E+00
3687.5  0.00E+00  0.00E+00
3688  0.00E+00  0.00E+00
3688.5  0.00E+00  0.00E+00
3689  0.00E+00  0.00E+00
3689.5  0.00E+00  0.00E+00
3690  0.00E+00  0.00E+00
3690.5  0.00E+00  0.00E+00
3691  0.00E+00  0.00E+00
3691.5  0.00E+00  0.00E+00
3692  0.00E+00  0.00E+00
3692.5  0.00E+00  0.00E+00
3693  0.00E+00  0.00E+00
3693.5  0.00E+00  0.00E+00
3694  0.00E+00  0.00E+00
3694.5  0.00E+00  0.00E+00
3695  0.00E+00  0.00E+00
3695.5  0.00E+00  0.00E+00
3696  0.00E+00  0.00E+00
3696.5  0.00E+00  0.00E+00
3697  0.00E+00  0.00E+00
3697.5  0.00E+00  0.00E+00
3698  0.00E+00  0.00E+00
3698.5  0.00E+00  0.00E+00
3699  0.00E+00  0.00E+00
3699.5  0.00E+00  0.00E+00
3700  0.00E+00  0.00E+00
3700.5  0.00E+00  0.00E+00
3701  0.00E+00  0.00E+00
3701.5  0.00E+00  0.00E+00
3702  0.00E+00  0.00E+00
3702.5  0.00E+00  0.00E+00
3703  0.00E+00  0.00E+00
3703.5  0.00E+00  0.00E+00
3704  0.00E+00  0.00E+00
3704.5  0.00E+00  0.00E+00
3705  0.00E+00  0.00E+00
3705.5  0.00E+00  0.00E+00
3706  0.00E+00  0.00E+00
3706.5  0.00E+00  0.00E+00
3707  0.00E+00  0.00E+00
3707.5  0.00E+00  0.00E+00
3708  0.00E+00  0.00E+00
3708.5  0.00E+00  0.00E+00
3709  0.00E+00  0.00E+00
3709.5  0.00E+00  0.00E+00
3710  0.00E+00  0.00E+00
3710.5  0.00E+00  0.00E+00
3711  0.00E+00  0.00E+00
3711.5  0.00E+00  0.00E+00
3712  0.00E+00  0.00E+00
3712.5  0.00E+00  0.00E+00
3713  0.00E+00  0.00E+00
3713.5  0.00E+00  0.00E+00
3714  0.00E+00  0.00E+00
3714.5  0.00E+00  0.00E+00
3715  0.00E+00  0.00E+00
3715.5  0.00E+00  0.00E+00
3716  0.00E+00  0.00E+00
3716.5  0.00E+00  0.00E+00
3717  0.00E+00  0.00E+00
3717.5  0.00E+00  0.00E+00
3718  0.00E+00  0.00E+00
3718.5  0.00E+00  0.00E+00
3719  0.00E+00  0.00E+00
3719.5  0.00E+00  0.00E+00
3720  0.00E+00  0.00E+00
3720.5  0.00E+00  0.00E+00
3721  0.00E+00  0.00E+00
3721.5  0.00E+00  0.00E+00
3722  0.00E+00  0.00E+00
3722.5  0.00E+00  0.00E+00
3723  0.00E+00  0.00E+00
3723.5  0.00E+00  0.00E+00
3724  0.00E+00  0.00E+00
3724.5  0.00E+00  0.00E+00
3725  0.00E+00  0.00E+00
3725.5  0.00E+00  0.00E+00
3726  0.00E+00  0.00E+00
3726.5  0.00E+00  0.00E+00
3727  0.00E+00  0.00E+00
3727.5  0.00E+00  0.00E+00
3728  0.00E+00  0.00E+00
3728.5  0.00E+00  0.00E+00
3729  0.00E+00  0.00E+00
3729.5  0.00E+00  0.00E+00
3730  0.00E+00  0.00E+00
3730.5  0.00E+00  0.00E+00
3731  0.00E+00  0.00E+00
3731.5  0.00E+00  0.00E+00
3732  0.00E+00  0.00E+00
3732.5  0.00E+00  0.00E+00
3733  0.00E+00  0.00E+00
3733.5  0.00E+00  0.00E+00
3734  0.00E+00  0.00E+00
3734.5  0.00E+00  0.00E+00
3735  0.00E+00  0.00E+00
3735.5  0.00E+00  0.00E+00
3736  0.00E+00  0.00E+00
3736.5  0.00E+00  0.00E+00
3737  0.00E+00  0.00E+00
3737.5  0.00E+00  0.00E+00
3738  0.00E+00  0.00E+00
3738.5  0.00E+00  0.00E+00
3739  0.00E+00  0.00E+00
3739.5  0.00E+00  0.00E+00
3740  0.00E+00  0.00E+00
3740.5  0.00E+00  0.00E+00
3741  0.00E+00  0.00E+00
3741.5  0.00E+00  0.00E+00
3742  0.00E+00  0.00E+00
3742.5  0.00E+00  0.00E+00
3743  0.00E+00  0.00E+00
3743.5  0.00E+00  0.00E+00
3744  0.00E+00  0.00E+00
3744.5  0.00E+00  0.00E+00
3745  0.00E+00  0.00E+00
3745.5  0.00E+00  0.00E+00
3746  0.00E+00  0.00E+00
3746.5  0.00E+00  0.00E+00
3747  0.00E+00  0.00E+00
3747.5  0.00E+00  0.00E+00
3748  0.00E+00  0.00E+00
3748.5  0.00E+00  0.00E+00
3749  0.00E+00  0.00E+00
3749.5  0.00E+00  0.00E+00
3750  0.00E+00  0.00E+00
3750.5  0.00E+00  0.00E+00
3751  0.00E+00  0.00E+00
3751.5  0.00E+00  0.00E+00
3752  0.00E+00  0.00E+00
3752.5  0.00E+00  0.00E+00
3753  0.00E+00  0.00E+00
3753.5  0.00E+00  0.00E+00
3754  0.00E+00  0.00E+00
3754.5  0.00E+00  0.00E+00
3755  0.00E+00  0.00E+00
3755.5  0.00E+00  0.00E+00
3756  0.00E+00  0.00E+00
3756.5  0.00E+00  0.00E+00
3757  0.00E+00  0.00E+00
3757.5  0.00E+00  0.00E+00
3758  0.00E+00  0.00E+00
3758.5  0.00E+00  0.00E+00
3759  0.00E+00  0.00E+00
3759.5  0.00E+00  0.00E+00
3760  0.00E+00  0.00E+00
3760.5  0.00E+00  0.00E+00
3761  0.00E+00  0.00E+00
3761.5  0.00E+00  0.00E+00
3762  0.00E+00  0.00E+00
3762.5  0.00E+00  0.00E+00
3763  0.00E+00  0.00E+00
3763.5  0.00E+00  0.00E+00
3764  0.00E+00  0.00E+00
3764.5  0.00E+00  0.00E+00
3765  0.00E+00  0.00E+00
3765.5  0.00E+00  0.00E+00
3766  0.00E+00  0.00E+00
3766.5  0.00E+00  0.00E+00
3767  0.00E+00  0.00E+00
3767.5  0.00E+00  0.00E+00
3768  0.00E+00  0.00E+00
3768.5  0.00E+00  0.00E+00
3769  0.00E+00  0.00E+00
3769.5  0.00E+00  0.00E+00
3770  0.00E+00  0.00E+00
3770.5  0.00E+00  0.00E+00
3771  0.00E+00  0.00E+00
3771.5  0.00E+00  0.00E+00
3772  0.00E+00  0.00E+00
3772.5  0.00E+00  0.00E+00
3773  0.00E+00  0.00E+00
3773.5  0.00E+00  0.00E+00
3774  0.00E+00  0.00E+00
3774.5  0.00E+00  0.00E+00
3775  0.00E+00  0.00E+00
3775.5  0.00E+00  0.00E+00
3776  0.00E+00  0.00E+00
3776.5  0.00E+00  0.00E+00
3777  0.00E+00  0.00E+00
3777.5  0.00E+00  0.00E+00
3778  0.00E+00  0.00E+00
3778.5  0.00E+00  0.00E+00
3779  0.00E+00  0.00E+00
3779.5  0.00E+00  0.00E+00
3780  0.00E+00  0.00E+00
3780.5  0.00E+00  0.00E+00
3781  0.00E+00  0.00E+00
3781.5  0.00E+00  0.00E+00
3782  0.00E+00  0.00E+00
3782.5  0.00E+00  0.00E+00
3783  0.00E+00  0.00E+00
3783.5  0.00E+00  0.00E+00
3784  0.00E+00  0.00E+00
3784.5  0.00E+00  0.00E+00
3785  0.00E+00  0.00E+00
3785.5  0.00E+00  0.00E+00
3786  0.00E+00  0.00E+00
3786.5  0.00E+00  0.00E+00
3787  0.00E+00  0.00E+00
3787.5  0.00E+00  0.00E+00
3788  0.00E+00  0.00E+00
3788.5  0.00E+00  0.00E+00
3789  0.00E+00  0.00E+00
3789.5  0.00E+00  0.00E+00
3790  0.00E+00  0.00E+00
3790.5  0.00E+00  0.00E+00
3791  0.00E+00  0.00E+00
3791.5  0.00E+00  0.00E+00
3792  0.00E+00  0.00E+00
3792.5  0.00E+00  0.00E+00
3793  0.00E+00  0.00E+00
3793.5  0.00E+00  0.00E+00
3794  0.00E+00  0.00E+00
3794.5  0.00E+00  0.00E+00
3795  0.00E+00  0.00E+00
3795.5  0.00E+00  0.00E+00
3796  0.00E+00  0.00E+00
3796.5  0.00E+00  0.00E+00
3797  0.00E+00  0.00E+00
3797.5  0.00E+00  0.00E+00
3798  0.00E+00  0.00E+00
3798.5  0.00E+00  0.00E+00
3799  0.00E+00  0.00E+00
3799.5  0.00E+00  0.00E+00
3800  0.00E+00  0.00E+00
3800.5  0.00E+00  0.00E+00
3801  0.00E+00  0.00E+00
3801.5  0.00E+00  0.00E+00
3802  0.00E+00  0.00E+00
3802.5  0.00E+00  0.00E+00
3803  0.00E+00  0.00E+00
3803.5  0.00E+00  0.00E+00
3804  0.00E+00  0.00E+00
3804.5  0.00E+00  0.00E+00
3805  0.00E+00  0.00E+00
3805.5  0.00E+00  0.00E+00
3806  0.00E+00  0.00E+00
3806.5  0.00E+00  0.00E+00
3807  0.00E+00  0.00E+00
3807.5  0.00E+00  0.00E+00
3808  0.00E+00  0.00E+00
3808.5  0.00E+00  0.00E+00
3809  0.00E+00  0.00E+00
3809.5  0.00E+00  0.00E+00
3810  0.00E+00  0.00E+00
3810.5  0.00E+00  0.00E+00
3811  0.00E+00  0.00E+00
3811.5  0.00E+00  0.00E+00
3812  0.00E+00  0.00E+00
3812.5  0.00E+00  0.00E+00
3813  0.00E+00  0.00E+00
3813.5  0.00E+00  0.00E+00
3814  0.00E+00  0.00E+00
3814.5  0.00E+00  0.00E+00
3815  0.00E+00  0.00E+00
3815.5  0.00E+00  0.00E+00
3816  0.00E+00  0.00E+00
3816.5  0.00E+00  0.00E+00
3817  0.00E+00  0.00E+00
3817.5  0.00E+00  0.00E+00
3818  0.00E+00  0.00E+00
3818.5  0.00E+00  0.00E+00
3819  0.00E+00  0.00E+00
3819.5  0.00E+00  0.00E+00
3820  0.00E+00  0.00E+00
3820.5  0.00E+00  0.00E+00
3821  0.00E+00  0.00E+00
3821.5  0.00E+00  0.00E+00
3822  0.00E+00  0.00E+00
3822.5  0.00E+00  0.00E+00
3823  0.00E+00  0.00E+00
3823.5  0.00E+00  0.00E+00
3824  0.00E+00  0.00E+00
3824.5  0.00E+00  0.00E+00
3825  0.00E+00  0.00E+00
3825.5  0.00E+00  0.00E+00
3826  0.00E+00  0.00E+00
3826.5  0.00E+00  0.00E+00
3827  0.00E+00  0.00E+00
3827.5  0.00E+00  0.00E+00
3828  0.00E+00  0.00E+00
3828.5  0.00E+00  0.00E+00
3829  0.00E+00  0.00E+00
3829.5  0.00E+00  0.00E+00
3830  0.00E+00  0.00E+00
3830.5  0.00E+00  0.00E+00
3831  0.00E+00  0.00E+00
3831.5  0.00E+00  0.00E+00
3832  0.00E+00  0.00E+00
3832.5  0.00E+00  0.00E+00
3833  0.00E+00  0.00E+00
3833.5  0.00E+00  0.00E+00
3834  0.00E+00  0.00E+00
3834.5  0.00E+00  0.00E+00
3835  0.00E+00  0.00E+00
3835.5  0.00E+00  0.00E+00
3836  0.00E+00  0.00E+00
3836.5  0.00E+00  0.00E+00
3837  0.00E+00  0.00E+00
3837.5  0.00E+00  0.00E+00
3838  0.00E+00  0.00E+00
3838.5  0.00E+00  0.00E+00
3839  0.00E+00  0.00E+00
3839.5  0.00E+00  0.00E+00
3840  0.00E+00  0.00E+00
3840.5  0.00E+00  0.00E+00
3841  0.00E+00  0.00E+00
3841.5  0.00E+00  0.00E+00
3842  0.00E+00  0.00E+00
3842.5  0.00E+00  0.00E+00
3843  0.00E+00  0.00E+00
3843.5  0.00E+00  0.00E+00
3844  0.00E+00  0.00E+00
3844.5  0.00E+00  0.00E+00
3845  0.00E+00  0.00E+00
3845.5  0.00E+00  0.00E+00
3846  0.00E+00  0.00E+00
3846.5  0.00E+00  0.00E+00
3847  0.00E+00  0.00E+00
3847.5  0.00E+00  0.00E+00
3848  0.00E+00  0.00E+00
3848.5  0.00E+00  0.00E+00
3849  0.00E+00  0.00E+00
3849.5  0.00E+00  0.00E+00
3850  0.00E+00  0.00E+00
3850.5  0.00E+00  0.00E+00
3851  0.00E+00  0.00E+00
3851.5  0.00E+00  0.00E+00
3852  0.00E+00  0.00E+00
3852.5  0.00E+00  0.00E+00
3853  0.00E+00  0.00E+00
3853.5  0.00E+00  0.00E+00
3854  0.00E+00  0.00E+00
3854.5  0.00E+00  0.00E+00
3855  0.00E+00  0.00E+00
3855.5  0.00E+00  0.00E+00
3856  0.00E+00  0.00E+00
3856.5  0.00E+00  0.00E+00
3857  0.00E+00  0.00E+00
3857.5  0.00E+00  0.00E+00
3858  0.00E+00  0.00E+00
3858.5  0.00E+00  0.00E+00
3859  0.00E+00  0.00E+00
3859.5  0.00E+00  0.00E+00
3860  0.00E+00  0.00E+00
3860.5  0.00E+00  0.00E+00
3861  0.00E+00  0.00E+00
3861.5  0.00E+00  0.00E+00
3862  0.00E+00  0.00E+00
3862.5  0.00E+00  0.00E+00
3863  0.00E+00  0.00E+00
3863.5  0.00E+00  0.00E+00
3864  0.00E+00  0.00E+00
3864.5  0.00E+00  0.00E+00
3865  0.00E+00  0.00E+00
3865.5  0.00E+00  0.00E+00
3866  0.00E+00  0.00E+00
3866.5  0.00E+00  0.00E+00
3867  0.00E+00  0.00E+00
3867.5  0.00E+00  0.00E+00
3868  0.00E+00  0.00E+00
3868.5  0.00E+00  0.00E+00
3869  0.00E+00  0.00E+00
3869.5  0.00E+00  0.00E+00
3870  0.00E+00  0.00E+00
3870.5  0.00E+00  0.00E+00
3871  0.00E+00  0.00E+00
3871.5  0.00E+00  0.00E+00
3872  0.00E+00  0.00E+00
3872.5  0.00E+00  0.00E+00
3873  0.00E+00  0.00E+00
3873.5  0.00E+00  0.00E+00
3874  0.00E+00  0.00E+00
3874.5  0.00E+00  0.00E+00
3875  0.00E+00  0.00E+00
3875.5  0.00E+00  0.00E+00
3876  0.00E+00  0.00E+00
3876.5  0.00E+00  0.00E+00
3877  0.00E+00  0.00E+00
3877.5  0.00E+00  0.00E+00
3878  0.00E+00  0.00E+00
3878.5  0.00E+00  0.00E+00
3879  0.00E+00  0.00E+00
3879.5  0.00E+00  0.00E+00
3880  0.00E+00  0.00E+00
3880.5  0.00E+00  0.00E+00
3881  0.00E+00  0.00E+00
3881.5  0.00E+00  0.00E+00
3882  0.00E+00  0.00E+00
3882.5  0.00E+00  0.00E+00
3883  0.00E+00  0.00E+00
3883.5  0.00E+00  0.00E+00
3884  0.00E+00  0.00E+00
3884.5  0.00E+00  0.00E+00
3885  0.00E+00  0.00E+00
3885.5  0.00E+00  0.00E+00
3886  0.00E+00  0.00E+00
3886.5  0.00E+00  0.00E+00
3887  0.00E+00  0.00E+00
3887.5  0.00E+00  0.00E+00
3888  0.00E+00  0.00E+00
3888.5  0.00E+00  0.00E+00
3889  0.00E+00  0.00E+00
3889.5  0.00E+00  0.00E+00
3890  0.00E+00  0.00E+00
3890.5  0.00E+00  0.00E+00
3891  0.00E+00  0.00E+00
3891.5  0.00E+00  0.00E+00
3892  0.00E+00  0.00E+00
3892.5  0.00E+00  0.00E+00
3893  0.00E+00  0.00E+00
3893.5  0.00E+00  0.00E+00
3894  0.00E+00  0.00E+00
3894.5  0.00E+00  0.00E+00
3895  0.00E+00  0.00E+00
3895.5  0.00E+00  0.00E+00
3896  0.00E+00  0.00E+00
3896.5  0.00E+00  0.00E+00
3897  0.00E+00  0.00E+00
3897.5  0.00E+00  0.00E+00
3898  0.00E+00  0.00E+00
3898.5  0.00E+00  0.00E+00
3899  0.00E+00  0.00E+00
3899.5  0.00E+00  0.00E+00
3900  0.00E+00  0.00E+00
3900.5  0.00E+00  0.00E+00
3901  0.00E+00  0.00E+00
3901.5  0.00E+00  0.00E+00
3902  0.00E+00  0.00E+00
3902.5  0.00E+00  0.00E+00
3903  0.00E+00  0.00E+00
3903.5  0.00E+00  0.00E+00
3904  0.00E+00  0.00E+00
3904.5  0.00E+00  0.00E+00
3905  0.00E+00  0.00E+00
3905.5  0.00E+00  0.00E+00
3906  0.00E+00  0.00E+00
3906.5  0.00E+00  0.00E+00
3907  0.00E+00  0.00E+00
3907.5  0.00E+00  0.00E+00
3908  0.00E+00  0.00E+00
3908.5  0.00E+00  0.00E+00
3909  0.00E+00  0.00E+00
3909.5  0.00E+00  0.00E+00
3910  0.00E+00  0.00E+00
3910.5  0.00E+00  0.00E+00
3911  0.00E+00  0.00E+00
3911.5  0.00E+00  0.00E+00
3912  0.00E+00  0.00E+00
3912.5  0.00E+00  0.00E+00
3913  0.00E+00  0.00E+00
3913.5  0.00E+00  0.00E+00
3914  0.00E+00  0.00E+00
3914.5  0.00E+00  0.00E+00
3915  0.00E+00  0.00E+00
3915.5  0.00E+00  0.00E+00
3916  0.00E+00  0.00E+00
3916.5  0.00E+00  0.00E+00
3917  0.00E+00  0.00E+00
3917.5  0.00E+00  0.00E+00
3918  0.00E+00  0.00E+00
3918.5  0.00E+00  0.00E+00
3919  0.00E+00  0.00E+00
3919.5  0.00E+00  0.00E+00
3920  0.00E+00  0.00E+00
3920.5  0.00E+00  0.00E+00
3921  0.00E+00  0.00E+00
3921.5  0.00E+00  0.00E+00
3922  0.00E+00  0.00E+00
3922.5  0.00E+00  0.00E+00
3923  0.00E+00  0.00E+00
3923.5  0.00E+00  0.00E+00
3924  0.00E+00  0.00E+00
3924.5  0.00E+00  0.00E+00
3925  0.00E+00  0.00E+00
3925.5  0.00E+00  0.00E+00
3926  0.00E+00  0.00E+00
3926.5  0.00E+00  0.00E+00
3927  0.00E+00  0.00E+00
3927.5  0.00E+00  0.00E+00
3928  0.00E+00  0.00E+00
3928.5  0.00E+00  0.00E+00
3929  0.00E+00  0.00E+00
3929.5  0.00E+00  0.00E+00
3930  0.00E+00  0.00E+00
3930.5  0.00E+00  0.00E+00
3931  0.00E+00  0.00E+00
3931.5  0.00E+00  0.00E+00
3932  0.00E+00  0.00E+00
3932.5  0.00E+00  0.00E+00
3933  0.00E+00  0.00E+00
3933.5  0.00E+00  0.00E+00
3934  0.00E+00  0.00E+00
3934.5  0.00E+00  0.00E+00
3935  0.00E+00  0.00E+00
3935.5  0.00E+00  0.00E+00
3936  0.00E+00  0.00E+00
3936.5  0.00E+00  0.00E+00
3937  0.00E+00  0.00E+00
3937.5  0.00E+00  0.00E+00
3938  0.00E+00  0.00E+00
3938.5  0.00E+00  0.00E+00
3939  0.00E+00  0.00E+00
3939.5  0.00E+00  0.00E+00
3940  0.00E+00  0.00E+00
3940.5  0.00E+00  0.00E+00
3941  0.00E+00  0.00E+00
3941.5  0.00E+00  0.00E+00
3942  0.00E+00  0.00E+00
3942.5  0.00E+00  0.00E+00
3943  0.00E+00  0.00E+00
3943.5  0.00E+00  0.00E+00
3944  0.00E+00  0.00E+00
3944.5  0.00E+00  0.00E+00
3945  0.00E+00  0.00E+00
3945.5  0.00E+00  0.00E+00
3946  0.00E+00  0.00E+00
3946.5  0.00E+00  0.00E+00
3947  0.00E+00  0.00E+00
3947.5  0.00E+00  0.00E+00
3948  0.00E+00  0.00E+00
3948.5  0.00E+00  0.00E+00
3949  0.00E+00  0.00E+00
3949.5  0.00E+00  0.00E+00
3950  0.00E+00  0.00E+00
3950.5  0.00E+00  0.00E+00
3951  0.00E+00  0.00E+00
3951.5  0.00E+00  0.00E+00
3952  0.00E+00  0.00E+00
3952.5  0.00E+00  0.00E+00
3953  0.00E+00  0.00E+00
3953.5  0.00E+00  0.00E+00
3954  0.00E+00  0.00E+00
3954.5  0.00E+00  0.00E+00
3955  0.00E+00  0.00E+00
3955.5  0.00E+00  0.00E+00
3956  0.00E+00  0.00E+00
3956.5  0.00E+00  0.00E+00
3957  0.00E+00  0.00E+00
3957.5  0.00E+00  0.00E+00
3958  0.00E+00  0.00E+00
3958.5  0.00E+00  0.00E+00
3959  0.00E+00  0.00E+00
3959.5  0.00E+00  0.00E+00
3960  0.00E+00  0.00E+00
3960.5  0.00E+00  0.00E+00
3961  0.00E+00  0.00E+00
3961.5  0.00E+00  0.00E+00
3962  0.00E+00  0.00E+00
3962.5  0.00E+00  0.00E+00
3963  0.00E+00  0.00E+00
3963.5  0.00E+00  0.00E+00
3964  0.00E+00  0.00E+00
3964.5  0.00E+00  0.00E+00
3965  0.00E+00  0.00E+00
3965.5  0.00E+00  0.00E+00
3966  0.00E+00  0.00E+00
3966.5  0.00E+00  0.00E+00
3967  0.00E+00  0.00E+00
3967.5  0.00E+00  0.00E+00
3968  0.00E+00  0.00E+00
3968.5  0.00E+00  0.00E+00
3969  0.00E+00  0.00E+00
3969.5  0.00E+00  0.00E+00
3970  0.00E+00  0.00E+00
3970.5  0.00E+00  0.00E+00
3971  0.00E+00  0.00E+00
3971.5  0.00E+00  0.00E+00
3972  0.00E+00  0.00E+00
3972.5  0.00E+00  0.00E+00
3973  0.00E+00  0.00E+00
3973.5  0.00E+00  0.00E+00
3974  0.00E+00  0.00E+00
3974.5  0.00E+00  0.00E+00
3975  0.00E+00  0.00E+00
3975.5  0.00E+00  0.00E+00
3976  0.00E+00  0.00E+00
3976.5  0.00E+00  0.00E+00
3977  0.00E+00  0.00E+00
3977.5  0.00E+00  0.00E+00
3978  0.00E+00  0.00E+00
3978.5  0.00E+00  0.00E+00
3979  0.00E+00  0.00E+00
3979.5  0.00E+00  0.00E+00
3980  0.00E+00  0.00E+00
3980.5  0.00E+00  0.00E+00
3981  0.00E+00  0.00E+00
3981.5  0.00E+00  0.00E+00
3982  0.00E+00  0.00E+00
3982.5  0.00E+00  0.00E+00
3983  0.00E+00  0.00E+00
3983.5  0.00E+00  0.00E+00
3984  0.00E+00  0.00E+00
3984.5  0.00E+00  0.00E+00
3985  0.00E+00  0.00E+00
3985.5  0.00E+00  0.00E+00
3986  0.00E+00  0.00E+00
3986.5  0.00E+00  0.00E+00
3987  0.00E+00  0.00E+00
3987.5  0.00E+00  0.00E+00
3988  0.00E+00  0.00E+00
3988.5  0.00E+00  0.00E+00
3989  0.00E+00  0.00E+00
3989.5  0.00E+00  0.00E+00
3990  0.00E+00  0.00E+00
3990.5  0.00E+00  0.00E+00
3991  0.00E+00  0.00E+00
3991.5  0.00E+00  0.00E+00
3992  0.00E+00  0.00E+00
3992.5  0.00E+00  0.00E+00
3993  0.00E+00  0.00E+00
3993.5  0.00E+00  0.00E+00
3994  0.00E+00  0.00E+00
3994.5  0.00E+00  0.00E+00
3995  0.00E+00  0.00E+00
3995.5  0.00E+00  0.00E+00
3996  0.00E+00  0.00E+00
3996.5  0.00E+00  0.00E+00
3997  0.00E+00  0.00E+00
3997.5  0.00E+00  0.00E+00
3998  0.00E+00  0.00E+00
3998.5  0.00E+00  0.00E+00
3999  0.00E+00  0.00E+00
3999.5  0.00E+00  0.00E+00
4000  0.00E+00  0.00E+00
