0          References for Cross Section of OC36S       
Hattori 2011-Limao-Vieira 2015                                                               
0 Branching ratio for OC36S      Total       1 branch
Lambda  Total   CO/36S  
1900  3.15E-20  3.15E-20
1900.5  3.07E-20  3.07E-20
1901  2.92E-20  2.92E-20
1901.5  2.86E-20  2.86E-20
1902  2.41E-20  2.41E-20
1902.5  2.24E-20  2.24E-20
1903  2.07E-20  2.07E-20
1903.5  1.89E-20  1.89E-20
1904  2.10E-20  2.10E-20
1904.5  2.14E-20  2.14E-20
1905  2.20E-20  2.20E-20
1905.5  1.97E-20  1.97E-20
1906  1.96E-20  1.96E-20
1906.5  1.90E-20  1.90E-20
1907  1.84E-20  1.84E-20
1907.5  1.93E-20  1.93E-20
1908  1.67E-20  1.67E-20
1908.5  1.83E-20  1.83E-20
1909  1.78E-20  1.78E-20
1909.5  1.65E-20  1.65E-20
1910  1.44E-20  1.44E-20
1910.5  1.34E-20  1.34E-20
1911  1.74E-20  1.74E-20
1911.5  1.75E-20  1.75E-20
1912  1.53E-20  1.53E-20
1912.5  1.25E-20  1.25E-20
1913  1.34E-20  1.34E-20
1913.5  1.37E-20  1.37E-20
1914  1.06E-20  1.06E-20
1914.5  1.45E-20  1.45E-20
1915  1.36E-20  1.36E-20
1915.5  1.57E-20  1.57E-20
1916  1.47E-20  1.47E-20
1916.5  1.22E-20  1.22E-20
1917  1.05E-20  1.05E-20
1917.5  1.50E-20  1.50E-20
1918  1.29E-20  1.29E-20
1918.5  1.48E-20  1.48E-20
1919  1.15E-20  1.15E-20
1919.5  1.47E-20  1.47E-20
1920  1.59E-20  1.59E-20
1920.5  1.30E-20  1.30E-20
1921  1.28E-20  1.28E-20
1921.5  1.27E-20  1.27E-20
1922  1.08E-20  1.08E-20
1922.5  1.16E-20  1.16E-20
1923  8.20E-21  8.20E-21
1923.5  9.90E-21  9.90E-21
1924  1.04E-20  1.04E-20
1924.5  1.40E-20  1.40E-20
1925  1.03E-20  1.03E-20
1925.5  1.13E-20  1.13E-20
1926  8.70E-21  8.70E-21
1926.5  1.08E-20  1.08E-20
1927  1.30E-20  1.30E-20
1927.5  1.20E-20  1.20E-20
1928  1.24E-20  1.24E-20
1928.5  1.41E-20  1.41E-20
1929  1.50E-20  1.50E-20
1929.5  1.42E-20  1.42E-20
1930  1.58E-20  1.58E-20
1930.5  1.49E-20  1.49E-20
1931  1.54E-20  1.54E-20
1931.5  1.39E-20  1.39E-20
1932  1.08E-20  1.08E-20
1932.5  8.10E-21  8.10E-21
1933  4.70E-21  4.70E-21
1933.5  4.10E-21  4.10E-21
1934  4.10E-21  4.10E-21
1934.5  2.50E-21  2.50E-21
1935  5.10E-21  5.10E-21
1935.5  8.10E-21  8.10E-21
1936  8.60E-21  8.60E-21
1936.5  8.60E-21  8.60E-21
1937  7.70E-21  7.70E-21
1937.5  6.40E-21  6.40E-21
1938  8.30E-21  8.30E-21
1938.5  1.19E-20  1.19E-20
1939  1.02E-20  1.02E-20
1939.5  1.30E-20  1.30E-20
1940  1.55E-20  1.55E-20
1940.5  1.23E-20  1.23E-20
1941  1.34E-20  1.34E-20
1941.5  1.72E-20  1.72E-20
1942  1.95E-20  1.95E-20
1942.5  1.74E-20  1.74E-20
1943  1.78E-20  1.78E-20
1943.5  1.68E-20  1.68E-20
1944  1.80E-20  1.80E-20
1944.5  1.47E-20  1.47E-20
1945  1.64E-20  1.64E-20
1945.5  1.77E-20  1.77E-20
1946  1.83E-20  1.83E-20
1946.5  1.69E-20  1.69E-20
1947  1.79E-20  1.79E-20
1947.5  1.42E-20  1.42E-20
1948  1.30E-20  1.30E-20
1948.5  1.26E-20  1.26E-20
1949  1.25E-20  1.25E-20
1949.5  1.78E-20  1.78E-20
1950  1.85E-20  1.85E-20
1950.5  2.08E-20  2.08E-20
1951  1.87E-20  1.87E-20
1951.5  1.97E-20  1.97E-20
1952  2.04E-20  2.04E-20
1952.5  2.13E-20  2.13E-20
1953  2.65E-20  2.65E-20
1953.5  2.01E-20  2.01E-20
1954  2.42E-20  2.42E-20
1954.5  1.92E-20  1.92E-20
1955  1.75E-20  1.75E-20
1955.5  1.72E-20  1.72E-20
1956  1.73E-20  1.73E-20
1956.5  1.88E-20  1.88E-20
1957  1.78E-20  1.78E-20
1957.5  1.70E-20  1.70E-20
1958  1.51E-20  1.51E-20
1958.5  1.71E-20  1.71E-20
1959  2.03E-20  2.03E-20
1959.5  2.00E-20  2.00E-20
1960  1.79E-20  1.79E-20
1960.5  1.69E-20  1.69E-20
1961  1.59E-20  1.59E-20
1961.5  1.82E-20  1.82E-20
1962  1.70E-20  1.70E-20
1962.5  1.76E-20  1.76E-20
1963  1.85E-20  1.85E-20
1963.5  1.35E-20  1.35E-20
1964  2.16E-20  2.16E-20
1964.5  1.48E-20  1.48E-20
1965  2.38E-20  2.38E-20
1965.5  2.03E-20  2.03E-20
1966  1.66E-20  1.66E-20
1966.5  2.21E-20  2.21E-20
1967  2.16E-20  2.16E-20
1967.5  1.88E-20  1.88E-20
1968  2.01E-20  2.01E-20
1968.5  1.98E-20  1.98E-20
1969  1.90E-20  1.90E-20
1969.5  1.94E-20  1.94E-20
1970  1.85E-20  1.85E-20
1970.5  1.68E-20  1.68E-20
1971  2.10E-20  2.10E-20
1971.5  1.95E-20  1.95E-20
1972  2.15E-20  2.15E-20
1972.5  2.11E-20  2.11E-20
1973  2.27E-20  2.27E-20
1973.5  2.32E-20  2.32E-20
1974  2.08E-20  2.08E-20
1974.5  2.24E-20  2.24E-20
1975  1.94E-20  1.94E-20
1975.5  2.09E-20  2.09E-20
1976  1.97E-20  1.97E-20
1976.5  1.99E-20  1.99E-20
1977  2.14E-20  2.14E-20
1977.5  2.31E-20  2.31E-20
1978  2.09E-20  2.09E-20
1978.5  2.08E-20  2.08E-20
1979  1.93E-20  1.93E-20
1979.5  1.92E-20  1.92E-20
1980  1.52E-20  1.52E-20
1980.5  2.13E-20  2.13E-20
1981  2.23E-20  2.23E-20
1981.5  2.36E-20  2.36E-20
1982  3.13E-20  3.13E-20
1982.5  4.26E-20  4.26E-20
1983  2.82E-20  2.82E-20
1983.5  2.95E-20  2.95E-20
1984  2.40E-20  2.40E-20
1984.5  2.52E-20  2.52E-20
1985  2.36E-20  2.36E-20
1985.5  2.37E-20  2.37E-20
1986  2.47E-20  2.47E-20
1986.5  2.36E-20  2.36E-20
1987  2.54E-20  2.54E-20
1987.5  2.49E-20  2.49E-20
1988  2.41E-20  2.41E-20
1988.5  2.59E-20  2.59E-20
1989  2.40E-20  2.40E-20
1989.5  2.29E-20  2.29E-20
1990  2.30E-20  2.30E-20
1990.5  2.57E-20  2.57E-20
1991  2.53E-20  2.53E-20
1991.5  2.52E-20  2.52E-20
1992  2.72E-20  2.72E-20
1992.5  2.89E-20  2.89E-20
1993  2.81E-20  2.81E-20
1993.5  2.84E-20  2.84E-20
1994  2.33E-20  2.33E-20
1994.5  2.30E-20  2.30E-20
1995  1.36E-20  1.36E-20
1995.5  1.63E-20  1.63E-20
1996  1.89E-20  1.89E-20
1996.5  2.39E-20  2.39E-20
1997  2.89E-20  2.89E-20
1997.5  3.39E-20  3.39E-20
1998  3.89E-20  3.89E-20
1998.5  3.90E-20  3.90E-20
1999  3.91E-20  3.91E-20
1999.5  3.91E-20  3.91E-20
2000  3.92E-20  3.92E-20
2000.5  3.86E-20  3.86E-20
2001  3.81E-20  3.81E-20
2001.5  3.75E-20  3.75E-20
2002  3.69E-20  3.69E-20
2002.5  3.73E-20  3.73E-20
2003  3.77E-20  3.77E-20
2003.5  3.80E-20  3.80E-20
2004  3.84E-20  3.84E-20
2004.5  3.92E-20  3.92E-20
2005  3.99E-20  3.99E-20
2005.5  4.07E-20  4.07E-20
2006  4.14E-20  4.14E-20
2006.5  4.02E-20  4.02E-20
2007  3.91E-20  3.91E-20
2007.5  3.79E-20  3.79E-20
2008  3.67E-20  3.67E-20
2008.5  3.75E-20  3.75E-20
2009  3.83E-20  3.83E-20
2009.5  3.90E-20  3.90E-20
2010  3.98E-20  3.98E-20
2010.5  3.64E-20  3.64E-20
2011  3.31E-20  3.31E-20
2011.5  2.97E-20  2.97E-20
2012  2.63E-20  2.63E-20
2012.5  3.04E-20  3.04E-20
2013  3.45E-20  3.45E-20
2013.5  3.86E-20  3.86E-20
2014  4.27E-20  4.27E-20
2014.5  4.36E-20  4.36E-20
2015  4.45E-20  4.45E-20
2015.5  4.53E-20  4.53E-20
2016  4.62E-20  4.62E-20
2016.5  4.66E-20  4.66E-20
2017  4.70E-20  4.70E-20
2017.5  4.73E-20  4.73E-20
2018  4.77E-20  4.77E-20
2018.5  4.78E-20  4.78E-20
2019  4.78E-20  4.78E-20
2019.5  4.79E-20  4.79E-20
2020  4.79E-20  4.79E-20
2020.5  4.83E-20  4.83E-20
2021  4.86E-20  4.86E-20
2021.5  4.90E-20  4.90E-20
2022  4.93E-20  4.93E-20
2022.5  4.96E-20  4.96E-20
2023  4.99E-20  4.99E-20
2023.5  5.01E-20  5.01E-20
2024  5.04E-20  5.04E-20
2024.5  4.90E-20  4.90E-20
2025  4.77E-20  4.77E-20
2025.5  4.63E-20  4.63E-20
2026  4.49E-20  4.49E-20
2026.5  4.64E-20  4.64E-20
2027  4.78E-20  4.78E-20
2027.5  4.93E-20  4.93E-20
2028  5.07E-20  5.07E-20
2028.5  5.15E-20  5.15E-20
2029  5.22E-20  5.22E-20
2029.5  5.30E-20  5.30E-20
2030  5.37E-20  5.37E-20
2030.5  5.55E-20  5.55E-20
2031  5.73E-20  5.73E-20
2031.5  5.90E-20  5.90E-20
2032  6.08E-20  6.08E-20
2032.5  6.07E-20  6.07E-20
2033  6.05E-20  6.05E-20
2033.5  6.04E-20  6.04E-20
2034  6.02E-20  6.02E-20
2034.5  6.10E-20  6.10E-20
2035  6.19E-20  6.19E-20
2035.5  6.27E-20  6.27E-20
2036  6.35E-20  6.35E-20
2036.5  6.34E-20  6.34E-20
2037  6.33E-20  6.33E-20
2037.5  6.31E-20  6.31E-20
2038  6.30E-20  6.30E-20
2038.5  6.51E-20  6.51E-20
2039  6.71E-20  6.71E-20
2039.5  6.92E-20  6.92E-20
2040  7.12E-20  7.12E-20
2040.5  7.16E-20  7.16E-20
2041  7.20E-20  7.20E-20
2041.5  7.24E-20  7.24E-20
2042  7.28E-20  7.28E-20
2042.5  7.22E-20  7.22E-20
2043  7.16E-20  7.16E-20
2043.5  7.09E-20  7.09E-20
2044  7.03E-20  7.03E-20
2044.5  6.97E-20  6.97E-20
2045  6.90E-20  6.90E-20
2045.5  6.84E-20  6.84E-20
2046  6.77E-20  6.77E-20
2046.5  6.91E-20  6.91E-20
2047  7.05E-20  7.05E-20
2047.5  7.18E-20  7.18E-20
2048  7.32E-20  7.32E-20
2048.5  7.42E-20  7.42E-20
2049  7.52E-20  7.52E-20
2049.5  7.62E-20  7.62E-20
2050  7.72E-20  7.72E-20
2050.5  7.75E-20  7.75E-20
2051  7.78E-20  7.78E-20
2051.5  7.81E-20  7.81E-20
2052  7.84E-20  7.84E-20
2052.5  7.93E-20  7.93E-20
2053  8.03E-20  8.03E-20
2053.5  8.12E-20  8.12E-20
2054  8.21E-20  8.21E-20
2054.5  8.27E-20  8.27E-20
2055  8.33E-20  8.33E-20
2055.5  8.38E-20  8.38E-20
2056  8.44E-20  8.44E-20
2056.5  8.54E-20  8.54E-20
2057  8.63E-20  8.63E-20
2057.5  8.73E-20  8.73E-20
2058  8.82E-20  8.82E-20
2058.5  8.92E-20  8.92E-20
2059  9.01E-20  9.01E-20
2059.5  9.11E-20  9.11E-20
2060  9.20E-20  9.20E-20
2060.5  9.20E-20  9.20E-20
2061  9.20E-20  9.20E-20
2061.5  9.19E-20  9.19E-20
2062  9.19E-20  9.19E-20
2062.5  9.26E-20  9.26E-20
2063  9.33E-20  9.33E-20
2063.5  9.40E-20  9.40E-20
2064  9.47E-20  9.47E-20
2064.5  9.56E-20  9.56E-20
2065  9.64E-20  9.64E-20
2065.5  9.73E-20  9.73E-20
2066  9.81E-20  9.81E-20
2066.5  9.84E-20  9.84E-20
2067  9.87E-20  9.87E-20
2067.5  9.89E-20  9.89E-20
2068  9.92E-20  9.92E-20
2068.5  1.00E-19  1.00E-19
2069  1.01E-19  1.01E-19
2069.5  1.02E-19  1.02E-19
2070  1.02E-19  1.02E-19
2070.5  1.03E-19  1.03E-19
2071  1.03E-19  1.03E-19
2071.5  1.03E-19  1.03E-19
2072  1.04E-19  1.04E-19
2072.5  1.04E-19  1.04E-19
2073  1.04E-19  1.04E-19
2073.5  1.04E-19  1.04E-19
2074  1.04E-19  1.04E-19
2074.5  1.05E-19  1.05E-19
2075  1.06E-19  1.06E-19
2075.5  1.07E-19  1.07E-19
2076  1.08E-19  1.08E-19
2076.5  1.08E-19  1.08E-19
2077  1.09E-19  1.09E-19
2077.5  1.10E-19  1.10E-19
2078  1.11E-19  1.11E-19
2078.5  1.11E-19  1.11E-19
2079  1.11E-19  1.11E-19
2079.5  1.11E-19  1.11E-19
2080  1.11E-19  1.11E-19
2080.5  1.12E-19  1.12E-19
2081  1.13E-19  1.13E-19
2081.5  1.14E-19  1.14E-19
2082  1.16E-19  1.16E-19
2082.5  1.17E-19  1.17E-19
2083  1.18E-19  1.18E-19
2083.5  1.19E-19  1.19E-19
2084  1.20E-19  1.20E-19
2084.5  1.22E-19  1.22E-19
2085  1.23E-19  1.23E-19
2085.5  1.25E-19  1.25E-19
2086  1.26E-19  1.26E-19
2086.5  1.27E-19  1.27E-19
2087  1.27E-19  1.27E-19
2087.5  1.28E-19  1.28E-19
2088  1.28E-19  1.28E-19
2088.5  1.29E-19  1.29E-19
2089  1.30E-19  1.30E-19
2089.5  1.31E-19  1.31E-19
2090  1.31E-19  1.31E-19
2090.5  1.32E-19  1.32E-19
2091  1.32E-19  1.32E-19
2091.5  1.32E-19  1.32E-19
2092  1.33E-19  1.33E-19
2092.5  1.34E-19  1.34E-19
2093  1.35E-19  1.35E-19
2093.5  1.36E-19  1.36E-19
2094  1.38E-19  1.38E-19
2094.5  1.38E-19  1.38E-19
2095  1.37E-19  1.37E-19
2095.5  1.37E-19  1.37E-19
2096  1.37E-19  1.37E-19
2096.5  1.38E-19  1.38E-19
2097  1.39E-19  1.39E-19
2097.5  1.40E-19  1.40E-19
2098  1.41E-19  1.41E-19
2098.5  1.42E-19  1.42E-19
2099  1.43E-19  1.43E-19
2099.5  1.43E-19  1.43E-19
2100  1.44E-19  1.44E-19
2100.5  1.44E-19  1.44E-19
2101  1.44E-19  1.44E-19
2101.5  1.44E-19  1.44E-19
2102  1.44E-19  1.44E-19
2102.5  1.44E-19  1.44E-19
2103  1.44E-19  1.44E-19
2103.5  1.44E-19  1.44E-19
2104  1.45E-19  1.45E-19
2104.5  1.44E-19  1.44E-19
2105  1.44E-19  1.44E-19
2105.5  1.43E-19  1.43E-19
2106  1.43E-19  1.43E-19
2106.5  1.43E-19  1.43E-19
2107  1.43E-19  1.43E-19
2107.5  1.43E-19  1.43E-19
2108  1.43E-19  1.43E-19
2108.5  1.43E-19  1.43E-19
2109  1.44E-19  1.44E-19
2109.5  1.45E-19  1.45E-19
2110  1.46E-19  1.46E-19
2110.5  1.46E-19  1.46E-19
2111  1.47E-19  1.47E-19
2111.5  1.47E-19  1.47E-19
2112  1.48E-19  1.48E-19
2112.5  1.49E-19  1.49E-19
2113  1.49E-19  1.49E-19
2113.5  1.50E-19  1.50E-19
2114  1.51E-19  1.51E-19
2114.5  1.52E-19  1.52E-19
2115  1.53E-19  1.53E-19
2115.5  1.54E-19  1.54E-19
2116  1.55E-19  1.55E-19
2116.5  1.55E-19  1.55E-19
2117  1.55E-19  1.55E-19
2117.5  1.55E-19  1.55E-19
2118  1.55E-19  1.55E-19
2118.5  1.55E-19  1.55E-19
2119  1.56E-19  1.56E-19
2119.5  1.56E-19  1.56E-19
2120  1.57E-19  1.57E-19
2120.5  1.57E-19  1.57E-19
2121  1.57E-19  1.57E-19
2121.5  1.57E-19  1.57E-19
2122  1.57E-19  1.57E-19
2122.5  1.57E-19  1.57E-19
2123  1.57E-19  1.57E-19
2123.5  1.57E-19  1.57E-19
2124  1.57E-19  1.57E-19
2124.5  1.58E-19  1.58E-19
2125  1.58E-19  1.58E-19
2125.5  1.59E-19  1.59E-19
2126  1.60E-19  1.60E-19
2126.5  1.60E-19  1.60E-19
2127  1.60E-19  1.60E-19
2127.5  1.61E-19  1.61E-19
2128  1.61E-19  1.61E-19
2128.5  1.61E-19  1.61E-19
2129  1.61E-19  1.61E-19
2129.5  1.61E-19  1.61E-19
2130  1.61E-19  1.61E-19
2130.5  1.63E-19  1.63E-19
2131  1.64E-19  1.64E-19
2131.5  1.65E-19  1.65E-19
2132  1.67E-19  1.67E-19
2132.5  1.67E-19  1.67E-19
2133  1.67E-19  1.67E-19
2133.5  1.67E-19  1.67E-19
2134  1.68E-19  1.68E-19
2134.5  1.68E-19  1.68E-19
2135  1.69E-19  1.69E-19
2135.5  1.69E-19  1.69E-19
2136  1.69E-19  1.69E-19
2136.5  1.69E-19  1.69E-19
2137  1.69E-19  1.69E-19
2137.5  1.69E-19  1.69E-19
2138  1.69E-19  1.69E-19
2138.5  1.69E-19  1.69E-19
2139  1.68E-19  1.68E-19
2139.5  1.68E-19  1.68E-19
2140  1.68E-19  1.68E-19
2140.5  1.69E-19  1.69E-19
2141  1.70E-19  1.70E-19
2141.5  1.71E-19  1.71E-19
2142  1.72E-19  1.72E-19
2142.5  1.74E-19  1.74E-19
2143  1.75E-19  1.75E-19
2143.5  1.76E-19  1.76E-19
2144  1.77E-19  1.77E-19
2144.5  1.77E-19  1.77E-19
2145  1.78E-19  1.78E-19
2145.5  1.78E-19  1.78E-19
2146  1.79E-19  1.79E-19
2146.5  1.79E-19  1.79E-19
2147  1.80E-19  1.80E-19
2147.5  1.81E-19  1.81E-19
2148  1.82E-19  1.82E-19
2148.5  1.83E-19  1.83E-19
2149  1.85E-19  1.85E-19
2149.5  1.87E-19  1.87E-19
2150  1.89E-19  1.89E-19
2150.5  1.90E-19  1.90E-19
2151  1.92E-19  1.92E-19
2151.5  1.94E-19  1.94E-19
2152  1.95E-19  1.95E-19
2152.5  1.96E-19  1.96E-19
2153  1.97E-19  1.97E-19
2153.5  1.98E-19  1.98E-19
2154  1.98E-19  1.98E-19
2154.5  2.00E-19  2.00E-19
2155  2.01E-19  2.01E-19
2155.5  2.03E-19  2.03E-19
2156  2.05E-19  2.05E-19
2156.5  2.06E-19  2.06E-19
2157  2.07E-19  2.07E-19
2157.5  2.09E-19  2.09E-19
2158  2.10E-19  2.10E-19
2158.5  2.10E-19  2.10E-19
2159  2.10E-19  2.10E-19
2159.5  2.10E-19  2.10E-19
2160  2.10E-19  2.10E-19
2160.5  2.09E-19  2.09E-19
2161  2.09E-19  2.09E-19
2161.5  2.08E-19  2.08E-19
2162  2.08E-19  2.08E-19
2162.5  2.08E-19  2.08E-19
2163  2.08E-19  2.08E-19
2163.5  2.08E-19  2.08E-19
2164  2.08E-19  2.08E-19
2164.5  2.09E-19  2.09E-19
2165  2.09E-19  2.09E-19
2165.5  2.10E-19  2.10E-19
2166  2.10E-19  2.10E-19
2166.5  2.13E-19  2.13E-19
2167  2.15E-19  2.15E-19
2167.5  2.17E-19  2.17E-19
2168  2.19E-19  2.19E-19
2168.5  2.18E-19  2.18E-19
2169  2.17E-19  2.17E-19
2169.5  2.16E-19  2.16E-19
2170  2.15E-19  2.15E-19
2170.5  2.14E-19  2.14E-19
2171  2.13E-19  2.13E-19
2171.5  2.12E-19  2.12E-19
2172  2.11E-19  2.11E-19
2172.5  2.12E-19  2.12E-19
2173  2.12E-19  2.12E-19
2173.5  2.13E-19  2.13E-19
2174  2.13E-19  2.13E-19
2174.5  2.15E-19  2.15E-19
2175  2.17E-19  2.17E-19
2175.5  2.19E-19  2.19E-19
2176  2.21E-19  2.21E-19
2176.5  2.22E-19  2.22E-19
2177  2.24E-19  2.24E-19
2177.5  2.25E-19  2.25E-19
2178  2.26E-19  2.26E-19
2178.5  2.27E-19  2.27E-19
2179  2.28E-19  2.28E-19
2179.5  2.29E-19  2.29E-19
2180  2.30E-19  2.30E-19
2180.5  2.31E-19  2.31E-19
2181  2.33E-19  2.33E-19
2181.5  2.35E-19  2.35E-19
2182  2.37E-19  2.37E-19
2182.5  2.39E-19  2.39E-19
2183  2.41E-19  2.41E-19
2183.5  2.43E-19  2.43E-19
2184  2.45E-19  2.45E-19
2184.5  2.47E-19  2.47E-19
2185  2.48E-19  2.48E-19
2185.5  2.50E-19  2.50E-19
2186  2.52E-19  2.52E-19
2186.5  2.53E-19  2.53E-19
2187  2.53E-19  2.53E-19
2187.5  2.54E-19  2.54E-19
2188  2.55E-19  2.55E-19
2188.5  2.56E-19  2.56E-19
2189  2.56E-19  2.56E-19
2189.5  2.57E-19  2.57E-19
2190  2.58E-19  2.58E-19
2190.5  2.57E-19  2.57E-19
2191  2.56E-19  2.56E-19
2191.5  2.54E-19  2.54E-19
2192  2.53E-19  2.53E-19
2192.5  2.53E-19  2.53E-19
2193  2.53E-19  2.53E-19
2193.5  2.53E-19  2.53E-19
2194  2.54E-19  2.54E-19
2194.5  2.53E-19  2.53E-19
2195  2.52E-19  2.52E-19
2195.5  2.51E-19  2.51E-19
2196  2.51E-19  2.51E-19
2196.5  2.51E-19  2.51E-19
2197  2.51E-19  2.51E-19
2197.5  2.51E-19  2.51E-19
2198  2.51E-19  2.51E-19
2198.5  2.52E-19  2.52E-19
2199  2.53E-19  2.53E-19
2199.5  2.55E-19  2.55E-19
2200  2.56E-19  2.56E-19
2200.5  2.56E-19  2.56E-19
2201  2.57E-19  2.57E-19
2201.5  2.58E-19  2.58E-19
2202  2.59E-19  2.59E-19
2202.5  2.58E-19  2.58E-19
2203  2.58E-19  2.58E-19
2203.5  2.58E-19  2.58E-19
2204  2.57E-19  2.57E-19
2204.5  2.56E-19  2.56E-19
2205  2.56E-19  2.56E-19
2205.5  2.55E-19  2.55E-19
2206  2.54E-19  2.54E-19
2206.5  2.55E-19  2.55E-19
2207  2.56E-19  2.56E-19
2207.5  2.57E-19  2.57E-19
2208  2.58E-19  2.58E-19
2208.5  2.59E-19  2.59E-19
2209  2.60E-19  2.60E-19
2209.5  2.61E-19  2.61E-19
2210  2.62E-19  2.62E-19
2210.5  2.64E-19  2.64E-19
2211  2.66E-19  2.66E-19
2211.5  2.68E-19  2.68E-19
2212  2.71E-19  2.71E-19
2212.5  2.72E-19  2.72E-19
2213  2.74E-19  2.74E-19
2213.5  2.76E-19  2.76E-19
2214  2.77E-19  2.77E-19
2214.5  2.79E-19  2.79E-19
2215  2.81E-19  2.81E-19
2215.5  2.83E-19  2.83E-19
2216  2.85E-19  2.85E-19
2216.5  2.86E-19  2.86E-19
2217  2.87E-19  2.87E-19
2217.5  2.89E-19  2.89E-19
2218  2.90E-19  2.90E-19
2218.5  2.89E-19  2.89E-19
2219  2.87E-19  2.87E-19
2219.5  2.86E-19  2.86E-19
2220  2.84E-19  2.84E-19
2220.5  2.85E-19  2.85E-19
2221  2.87E-19  2.87E-19
2221.5  2.88E-19  2.88E-19
2222  2.89E-19  2.89E-19
2222.5  2.88E-19  2.88E-19
2223  2.88E-19  2.88E-19
2223.5  2.88E-19  2.88E-19
2224  2.87E-19  2.87E-19
2224.5  2.86E-19  2.86E-19
2225  2.84E-19  2.84E-19
2225.5  2.82E-19  2.82E-19
2226  2.80E-19  2.80E-19
2226.5  2.81E-19  2.81E-19
2227  2.82E-19  2.82E-19
2227.5  2.83E-19  2.83E-19
2228  2.84E-19  2.84E-19
2228.5  2.84E-19  2.84E-19
2229  2.83E-19  2.83E-19
2229.5  2.82E-19  2.82E-19
2230  2.81E-19  2.81E-19
2230.5  2.81E-19  2.81E-19
2231  2.81E-19  2.81E-19
2231.5  2.81E-19  2.81E-19
2232  2.80E-19  2.80E-19
2232.5  2.80E-19  2.80E-19
2233  2.80E-19  2.80E-19
2233.5  2.80E-19  2.80E-19
2234  2.80E-19  2.80E-19
2234.5  2.81E-19  2.81E-19
2235  2.82E-19  2.82E-19
2235.5  2.84E-19  2.84E-19
2236  2.85E-19  2.85E-19
2236.5  2.85E-19  2.85E-19
2237  2.85E-19  2.85E-19
2237.5  2.85E-19  2.85E-19
2238  2.86E-19  2.86E-19
2238.5  2.85E-19  2.85E-19
2239  2.85E-19  2.85E-19
2239.5  2.84E-19  2.84E-19
2240  2.84E-19  2.84E-19
2240.5  2.83E-19  2.83E-19
2241  2.82E-19  2.82E-19
2241.5  2.81E-19  2.81E-19
2242  2.80E-19  2.80E-19
2242.5  2.81E-19  2.81E-19
2243  2.82E-19  2.82E-19
2243.5  2.83E-19  2.83E-19
2244  2.84E-19  2.84E-19
2244.5  2.85E-19  2.85E-19
2245  2.86E-19  2.86E-19
2245.5  2.88E-19  2.88E-19
2246  2.89E-19  2.89E-19
2246.5  2.91E-19  2.91E-19
2247  2.93E-19  2.93E-19
2247.5  2.94E-19  2.94E-19
2248  2.96E-19  2.96E-19
2248.5  2.98E-19  2.98E-19
2249  3.00E-19  3.00E-19
2249.5  3.02E-19  3.02E-19
2250  3.04E-19  3.04E-19
2250.5  3.04E-19  3.04E-19
2251  3.05E-19  3.05E-19
2251.5  3.06E-19  3.06E-19
2252  3.07E-19  3.07E-19
2252.5  3.01E-19  3.01E-19
2253  2.96E-19  2.96E-19
2253.5  2.91E-19  2.91E-19
2254  2.85E-19  2.85E-19
2254.5  2.85E-19  2.85E-19
2255  2.85E-19  2.85E-19
2255.5  2.84E-19  2.84E-19
2256  2.84E-19  2.84E-19
2256.5  2.85E-19  2.85E-19
2257  2.86E-19  2.86E-19
2257.5  2.88E-19  2.88E-19
2258  2.89E-19  2.89E-19
2258.5  2.88E-19  2.88E-19
2259  2.87E-19  2.87E-19
2259.5  2.86E-19  2.86E-19
2260  2.85E-19  2.85E-19
2260.5  2.85E-19  2.85E-19
2261  2.84E-19  2.84E-19
2261.5  2.84E-19  2.84E-19
2262  2.83E-19  2.83E-19
2262.5  2.84E-19  2.84E-19
2263  2.85E-19  2.85E-19
2263.5  2.86E-19  2.86E-19
2264  2.87E-19  2.87E-19
2264.5  2.87E-19  2.87E-19
2265  2.87E-19  2.87E-19
2265.5  2.86E-19  2.86E-19
2266  2.86E-19  2.86E-19
2266.5  2.84E-19  2.84E-19
2267  2.83E-19  2.83E-19
2267.5  2.81E-19  2.81E-19
2268  2.80E-19  2.80E-19
2268.5  2.80E-19  2.80E-19
2269  2.80E-19  2.80E-19
2269.5  2.79E-19  2.79E-19
2270  2.79E-19  2.79E-19
2270.5  2.80E-19  2.80E-19
2271  2.81E-19  2.81E-19
2271.5  2.82E-19  2.82E-19
2272  2.83E-19  2.83E-19
2272.5  2.83E-19  2.83E-19
2273  2.84E-19  2.84E-19
2273.5  2.84E-19  2.84E-19
2274  2.84E-19  2.84E-19
2274.5  2.83E-19  2.83E-19
2275  2.82E-19  2.82E-19
2275.5  2.81E-19  2.81E-19
2276  2.79E-19  2.79E-19
2276.5  2.78E-19  2.78E-19
2277  2.76E-19  2.76E-19
2277.5  2.74E-19  2.74E-19
2278  2.72E-19  2.72E-19
2278.5  2.72E-19  2.72E-19
2279  2.72E-19  2.72E-19
2279.5  2.72E-19  2.72E-19
2280  2.72E-19  2.72E-19
2280.5  2.73E-19  2.73E-19
2281  2.74E-19  2.74E-19
2281.5  2.75E-19  2.75E-19
2282  2.76E-19  2.76E-19
2282.5  2.77E-19  2.77E-19
2283  2.79E-19  2.79E-19
2283.5  2.81E-19  2.81E-19
2284  2.83E-19  2.83E-19
2284.5  2.85E-19  2.85E-19
2285  2.86E-19  2.86E-19
2285.5  2.87E-19  2.87E-19
2286  2.89E-19  2.89E-19
2286.5  2.83E-19  2.83E-19
2287  2.77E-19  2.77E-19
2287.5  2.71E-19  2.71E-19
2288  2.65E-19  2.65E-19
2288.5  2.63E-19  2.63E-19
2289  2.61E-19  2.61E-19
2289.5  2.59E-19  2.59E-19
2290  2.58E-19  2.58E-19
2290.5  2.57E-19  2.57E-19
2291  2.57E-19  2.57E-19
2291.5  2.57E-19  2.57E-19
2292  2.56E-19  2.56E-19
2292.5  2.57E-19  2.57E-19
2293  2.58E-19  2.58E-19
2293.5  2.58E-19  2.58E-19
2294  2.59E-19  2.59E-19
2294.5  2.58E-19  2.58E-19
2295  2.58E-19  2.58E-19
2295.5  2.58E-19  2.58E-19
2296  2.57E-19  2.57E-19
2296.5  2.57E-19  2.57E-19
2297  2.56E-19  2.56E-19
2297.5  2.55E-19  2.55E-19
2298  2.55E-19  2.55E-19
2298.5  2.55E-19  2.55E-19
2299  2.56E-19  2.56E-19
2299.5  2.57E-19  2.57E-19
2300  2.58E-19  2.58E-19
2300.5  2.58E-19  2.58E-19
2301  2.57E-19  2.57E-19
2301.5  2.57E-19  2.57E-19
2302  2.57E-19  2.57E-19
2302.5  2.55E-19  2.55E-19
2303  2.53E-19  2.53E-19
2303.5  2.51E-19  2.51E-19
2304  2.50E-19  2.50E-19
2304.5  2.49E-19  2.49E-19
2305  2.49E-19  2.49E-19
2305.5  2.48E-19  2.48E-19
2306  2.48E-19  2.48E-19
2306.5  2.48E-19  2.48E-19
2307  2.48E-19  2.48E-19
2307.5  2.47E-19  2.47E-19
2308  2.47E-19  2.47E-19
2308.5  2.46E-19  2.46E-19
2309  2.46E-19  2.46E-19
2309.5  2.45E-19  2.45E-19
2310  2.44E-19  2.44E-19
2310.5  2.44E-19  2.44E-19
2311  2.43E-19  2.43E-19
2311.5  2.43E-19  2.43E-19
2312  2.43E-19  2.43E-19
2312.5  2.40E-19  2.40E-19
2313  2.38E-19  2.38E-19
2313.5  2.36E-19  2.36E-19
2314  2.34E-19  2.34E-19
2314.5  2.33E-19  2.33E-19
2315  2.32E-19  2.32E-19
2315.5  2.31E-19  2.31E-19
2316  2.30E-19  2.30E-19
2316.5  2.31E-19  2.31E-19
2317  2.31E-19  2.31E-19
2317.5  2.31E-19  2.31E-19
2318  2.32E-19  2.32E-19
2318.5  2.32E-19  2.32E-19
2319  2.33E-19  2.33E-19
2319.5  2.34E-19  2.34E-19
2320  2.35E-19  2.35E-19
2320.5  2.33E-19  2.33E-19
2321  2.32E-19  2.32E-19
2321.5  2.30E-19  2.30E-19
2322  2.28E-19  2.28E-19
2322.5  2.25E-19  2.25E-19
2323  2.21E-19  2.21E-19
2323.5  2.17E-19  2.17E-19
2324  2.13E-19  2.13E-19
2324.5  2.12E-19  2.12E-19
2325  2.11E-19  2.11E-19
2325.5  2.10E-19  2.10E-19
2326  2.08E-19  2.08E-19
2326.5  2.08E-19  2.08E-19
2327  2.08E-19  2.08E-19
2327.5  2.08E-19  2.08E-19
2328  2.08E-19  2.08E-19
2328.5  2.07E-19  2.07E-19
2329  2.07E-19  2.07E-19
2329.5  2.07E-19  2.07E-19
2330  2.07E-19  2.07E-19
2330.5  2.07E-19  2.07E-19
2331  2.06E-19  2.06E-19
2331.5  2.06E-19  2.06E-19
2332  2.06E-19  2.06E-19
2332.5  2.05E-19  2.05E-19
2333  2.05E-19  2.05E-19
2333.5  2.04E-19  2.04E-19
2334  2.03E-19  2.03E-19
2334.5  2.03E-19  2.03E-19
2335  2.03E-19  2.03E-19
2335.5  2.03E-19  2.03E-19
2336  2.03E-19  2.03E-19
2336.5  2.03E-19  2.03E-19
2337  2.03E-19  2.03E-19
2337.5  2.02E-19  2.02E-19
2338  2.02E-19  2.02E-19
2338.5  2.02E-19  2.02E-19
2339  2.01E-19  2.01E-19
2339.5  2.00E-19  2.00E-19
2340  1.99E-19  1.99E-19
2340.5  1.97E-19  1.97E-19
2341  1.95E-19  1.95E-19
2341.5  1.93E-19  1.93E-19
2342  1.91E-19  1.91E-19
2342.5  1.90E-19  1.90E-19
2343  1.89E-19  1.89E-19
2343.5  1.87E-19  1.87E-19
2344  1.86E-19  1.86E-19
2344.5  1.85E-19  1.85E-19
2345  1.85E-19  1.85E-19
2345.5  1.84E-19  1.84E-19
2346  1.84E-19  1.84E-19
2346.5  1.83E-19  1.83E-19
2347  1.83E-19  1.83E-19
2347.5  1.82E-19  1.82E-19
2348  1.82E-19  1.82E-19
2348.5  1.81E-19  1.81E-19
2349  1.80E-19  1.80E-19
2349.5  1.79E-19  1.79E-19
2350  1.78E-19  1.78E-19
2350.5  1.77E-19  1.77E-19
2351  1.76E-19  1.76E-19
2351.5  1.75E-19  1.75E-19
2352  1.74E-19  1.74E-19
2352.5  1.73E-19  1.73E-19
2353  1.72E-19  1.72E-19
2353.5  1.71E-19  1.71E-19
2354  1.71E-19  1.71E-19
2354.5  1.70E-19  1.70E-19
2355  1.69E-19  1.69E-19
2355.5  1.68E-19  1.68E-19
2356  1.67E-19  1.67E-19
2356.5  1.67E-19  1.67E-19
2357  1.67E-19  1.67E-19
2357.5  1.67E-19  1.67E-19
2358  1.67E-19  1.67E-19
2358.5  1.65E-19  1.65E-19
2359  1.62E-19  1.62E-19
2359.5  1.60E-19  1.60E-19
2360  1.58E-19  1.58E-19
2360.5  1.56E-19  1.56E-19
2361  1.55E-19  1.55E-19
2361.5  1.54E-19  1.54E-19
2362  1.52E-19  1.52E-19
2362.5  1.52E-19  1.52E-19
2363  1.51E-19  1.51E-19
2363.5  1.50E-19  1.50E-19
2364  1.49E-19  1.49E-19
2364.5  1.48E-19  1.48E-19
2365  1.47E-19  1.47E-19
2365.5  1.47E-19  1.47E-19
2366  1.46E-19  1.46E-19
2366.5  1.46E-19  1.46E-19
2367  1.45E-19  1.45E-19
2367.5  1.45E-19  1.45E-19
2368  1.44E-19  1.44E-19
2368.5  1.44E-19  1.44E-19
2369  1.43E-19  1.43E-19
2369.5  1.42E-19  1.42E-19
2370  1.41E-19  1.41E-19
2370.5  1.40E-19  1.40E-19
2371  1.39E-19  1.39E-19
2371.5  1.39E-19  1.39E-19
2372  1.38E-19  1.38E-19
2372.5  1.37E-19  1.37E-19
2373  1.37E-19  1.37E-19
2373.5  1.36E-19  1.36E-19
2374  1.35E-19  1.35E-19
2374.5  1.35E-19  1.35E-19
2375  1.35E-19  1.35E-19
2375.5  1.35E-19  1.35E-19
2376  1.35E-19  1.35E-19
2376.5  1.35E-19  1.35E-19
2377  1.35E-19  1.35E-19
2377.5  1.35E-19  1.35E-19
2378  1.35E-19  1.35E-19
2378.5  1.34E-19  1.34E-19
2379  1.33E-19  1.33E-19
2379.5  1.31E-19  1.31E-19
2380  1.30E-19  1.30E-19
2380.5  1.29E-19  1.29E-19
2381  1.29E-19  1.29E-19
2381.5  1.28E-19  1.28E-19
2382  1.27E-19  1.27E-19
2382.5  1.27E-19  1.27E-19
2383  1.26E-19  1.26E-19
2383.5  1.26E-19  1.26E-19
2384  1.26E-19  1.26E-19
2384.5  1.25E-19  1.25E-19
2385  1.24E-19  1.24E-19
2385.5  1.23E-19  1.23E-19
2386  1.22E-19  1.22E-19
2386.5  1.22E-19  1.22E-19
2387  1.21E-19  1.21E-19
2387.5  1.21E-19  1.21E-19
2388  1.20E-19  1.20E-19
2388.5  1.20E-19  1.20E-19
2389  1.19E-19  1.19E-19
2389.5  1.19E-19  1.19E-19
2390  1.18E-19  1.18E-19
2390.5  1.17E-19  1.17E-19
2391  1.16E-19  1.16E-19
2391.5  1.15E-19  1.15E-19
2392  1.14E-19  1.14E-19
2392.5  1.13E-19  1.13E-19
2393  1.12E-19  1.12E-19
2393.5  1.11E-19  1.11E-19
2394  1.11E-19  1.11E-19
2394.5  1.10E-19  1.10E-19
2395  1.09E-19  1.09E-19
2395.5  1.08E-19  1.08E-19
2396  1.07E-19  1.07E-19
2396.5  1.06E-19  1.06E-19
2397  1.05E-19  1.05E-19
2397.5  1.04E-19  1.04E-19
2398  1.04E-19  1.04E-19
2398.5  1.02E-19  1.02E-19
2399  1.01E-19  1.01E-19
2399.5  1.00E-19  1.00E-19
2400  9.93E-20  9.93E-20
2400.5  9.86E-20  9.86E-20
2401  9.80E-20  9.80E-20
2401.5  9.73E-20  9.73E-20
2402  9.66E-20  9.66E-20
2402.5  9.57E-20  9.57E-20
2403  9.49E-20  9.49E-20
2403.5  9.40E-20  9.40E-20
2404  9.31E-20  9.31E-20
2404.5  9.24E-20  9.24E-20
2405  9.17E-20  9.17E-20
2405.5  9.10E-20  9.10E-20
2406  9.03E-20  9.03E-20
2406.5  8.97E-20  8.97E-20
2407  8.91E-20  8.91E-20
2407.5  8.84E-20  8.84E-20
2408  8.78E-20  8.78E-20
2408.5  8.70E-20  8.70E-20
2409  8.63E-20  8.63E-20
2409.5  8.55E-20  8.55E-20
2410  8.47E-20  8.47E-20
2410.5  8.44E-20  8.44E-20
2411  8.42E-20  8.42E-20
2411.5  8.39E-20  8.39E-20
2412  8.36E-20  8.36E-20
2412.5  8.31E-20  8.31E-20
2413  8.25E-20  8.25E-20
2413.5  8.20E-20  8.20E-20
2414  8.14E-20  8.14E-20
2414.5  8.11E-20  8.11E-20
2415  8.07E-20  8.07E-20
2415.5  8.04E-20  8.04E-20
2416  8.00E-20  8.00E-20
2416.5  7.92E-20  7.92E-20
2417  7.83E-20  7.83E-20
2417.5  7.75E-20  7.75E-20
2418  7.66E-20  7.66E-20
2418.5  7.62E-20  7.62E-20
2419  7.57E-20  7.57E-20
2419.5  7.53E-20  7.53E-20
2420  7.48E-20  7.48E-20
2420.5  7.46E-20  7.46E-20
2421  7.45E-20  7.45E-20
2421.5  7.43E-20  7.43E-20
2422  7.41E-20  7.41E-20
2422.5  7.36E-20  7.36E-20
2423  7.30E-20  7.30E-20
2423.5  7.25E-20  7.25E-20
2424  7.19E-20  7.19E-20
2424.5  7.13E-20  7.13E-20
2425  7.07E-20  7.07E-20
2425.5  7.01E-20  7.01E-20
2426  6.95E-20  6.95E-20
2426.5  6.91E-20  6.91E-20
2427  6.87E-20  6.87E-20
2427.5  6.83E-20  6.83E-20
2428  6.79E-20  6.79E-20
2428.5  6.74E-20  6.74E-20
2429  6.68E-20  6.68E-20
2429.5  6.63E-20  6.63E-20
2430  6.57E-20  6.57E-20
2430.5  6.52E-20  6.52E-20
2431  6.48E-20  6.48E-20
2431.5  6.43E-20  6.43E-20
2432  6.38E-20  6.38E-20
2432.5  6.34E-20  6.34E-20
2433  6.29E-20  6.29E-20
2433.5  6.25E-20  6.25E-20
2434  6.20E-20  6.20E-20
2434.5  6.17E-20  6.17E-20
2435  6.14E-20  6.14E-20
2435.5  6.10E-20  6.10E-20
2436  6.07E-20  6.07E-20
2436.5  5.98E-20  5.98E-20
2437  5.90E-20  5.90E-20
2437.5  5.81E-20  5.81E-20
2438  5.72E-20  5.72E-20
2438.5  5.73E-20  5.73E-20
2439  5.74E-20  5.74E-20
2439.5  5.75E-20  5.75E-20
2440  5.76E-20  5.76E-20
2440.5  5.69E-20  5.69E-20
2441  5.62E-20  5.62E-20
2441.5  5.55E-20  5.55E-20
2442  5.48E-20  5.48E-20
2442.5  5.44E-20  5.44E-20
2443  5.40E-20  5.40E-20
2443.5  5.35E-20  5.35E-20
2444  5.31E-20  5.31E-20
2444.5  5.29E-20  5.29E-20
2445  5.27E-20  5.27E-20
2445.5  5.24E-20  5.24E-20
2446  5.22E-20  5.22E-20
2446.5  5.17E-20  5.17E-20
2447  5.13E-20  5.13E-20
2447.5  5.08E-20  5.08E-20
2448  5.03E-20  5.03E-20
2448.5  5.00E-20  5.00E-20
2449  4.97E-20  4.97E-20
2449.5  4.93E-20  4.93E-20
2450  4.90E-20  4.90E-20
2450.5  4.84E-20  4.84E-20
2451  4.78E-20  4.78E-20
2451.5  4.72E-20  4.72E-20
2452  4.66E-20  4.66E-20
2452.5  4.62E-20  4.62E-20
2453  4.57E-20  4.57E-20
2453.5  4.53E-20  4.53E-20
2454  4.48E-20  4.48E-20
2454.5  4.44E-20  4.44E-20
2455  4.39E-20  4.39E-20
2455.5  4.35E-20  4.35E-20
2456  4.30E-20  4.30E-20
2456.5  4.30E-20  4.30E-20
2457  4.30E-20  4.30E-20
2457.5  4.30E-20  4.30E-20
2458  4.30E-20  4.30E-20
2458.5  4.25E-20  4.25E-20
2459  4.21E-20  4.21E-20
2459.5  4.16E-20  4.16E-20
2460  4.11E-20  4.11E-20
2460.5  4.08E-20  4.08E-20
2461  4.04E-20  4.04E-20
2461.5  4.01E-20  4.01E-20
2462  3.97E-20  3.97E-20
2462.5  3.96E-20  3.96E-20
2463  3.95E-20  3.95E-20
2463.5  3.93E-20  3.93E-20
2464  3.92E-20  3.92E-20
2464.5  3.89E-20  3.89E-20
2465  3.85E-20  3.85E-20
2465.5  3.82E-20  3.82E-20
2466  3.78E-20  3.78E-20
2466.5  3.76E-20  3.76E-20
2467  3.74E-20  3.74E-20
2467.5  3.71E-20  3.71E-20
2468  3.69E-20  3.69E-20
2468.5  3.68E-20  3.68E-20
2469  3.66E-20  3.66E-20
2469.5  3.65E-20  3.65E-20
2470  3.63E-20  3.63E-20
2470.5  3.60E-20  3.60E-20
2471  3.57E-20  3.57E-20
2471.5  3.54E-20  3.54E-20
2472  3.51E-20  3.51E-20
2472.5  3.46E-20  3.46E-20
2473  3.41E-20  3.41E-20
2473.5  3.35E-20  3.35E-20
2474  3.30E-20  3.30E-20
2474.5  3.28E-20  3.28E-20
2475  3.27E-20  3.27E-20
2475.5  3.25E-20  3.25E-20
2476  3.23E-20  3.23E-20
2476.5  3.20E-20  3.20E-20
2477  3.18E-20  3.18E-20
2477.5  3.15E-20  3.15E-20
2478  3.12E-20  3.12E-20
2478.5  3.11E-20  3.11E-20
2479  3.09E-20  3.09E-20
2479.5  3.08E-20  3.08E-20
2480  3.06E-20  3.06E-20
2480.5  3.01E-20  3.01E-20
2481  2.97E-20  2.97E-20
2481.5  2.92E-20  2.92E-20
2482  2.87E-20  2.87E-20
2482.5  2.86E-20  2.86E-20
2483  2.84E-20  2.84E-20
2483.5  2.83E-20  2.83E-20
2484  2.81E-20  2.81E-20
2484.5  2.79E-20  2.79E-20
2485  2.78E-20  2.78E-20
2485.5  2.76E-20  2.76E-20
2486  2.74E-20  2.74E-20
2486.5  2.70E-20  2.70E-20
2487  2.67E-20  2.67E-20
2487.5  2.63E-20  2.63E-20
2488  2.59E-20  2.59E-20
2488.5  2.55E-20  2.55E-20
2489  2.51E-20  2.51E-20
2489.5  2.47E-20  2.47E-20
2490  2.43E-20  2.43E-20
2490.5  2.41E-20  2.41E-20
2491  2.39E-20  2.39E-20
2491.5  2.36E-20  2.36E-20
2492  2.34E-20  2.34E-20
2492.5  2.33E-20  2.33E-20
2493  2.32E-20  2.32E-20
2493.5  2.31E-20  2.31E-20
2494  2.30E-20  2.30E-20
2494.5  2.28E-20  2.28E-20
2495  2.26E-20  2.26E-20
2495.5  2.24E-20  2.24E-20
2496  2.22E-20  2.22E-20
2496.5  2.21E-20  2.21E-20
2497  2.20E-20  2.20E-20
2497.5  2.18E-20  2.18E-20
2498  2.17E-20  2.17E-20
2498.5  2.15E-20  2.15E-20
2499  2.13E-20  2.13E-20
2499.5  2.11E-20  2.11E-20
2500  2.09E-20  2.09E-20
2500.5  2.12E-20  2.12E-20
2501  2.14E-20  2.14E-20
2501.5  2.17E-20  2.17E-20
2502  2.19E-20  2.19E-20
2502.5  2.15E-20  2.15E-20
2503  2.11E-20  2.11E-20
2503.5  2.06E-20  2.06E-20
2504  2.02E-20  2.02E-20
2504.5  2.00E-20  2.00E-20
2505  1.99E-20  1.99E-20
2505.5  1.97E-20  1.97E-20
2506  1.95E-20  1.95E-20
2506.5  1.94E-20  1.94E-20
2507  1.93E-20  1.93E-20
2507.5  1.91E-20  1.91E-20
2508  1.90E-20  1.90E-20
2508.5  1.87E-20  1.87E-20
2509  1.84E-20  1.84E-20
2509.5  1.80E-20  1.80E-20
2510  1.77E-20  1.77E-20
2510.5  1.77E-20  1.77E-20
2511  1.77E-20  1.77E-20
2511.5  1.76E-20  1.76E-20
2512  1.76E-20  1.76E-20
2512.5  1.74E-20  1.74E-20
2513  1.72E-20  1.72E-20
2513.5  1.70E-20  1.70E-20
2514  1.68E-20  1.68E-20
2514.5  1.68E-20  1.68E-20
2515  1.68E-20  1.68E-20
2515.5  1.67E-20  1.67E-20
2516  1.67E-20  1.67E-20
2516.5  1.63E-20  1.63E-20
2517  1.59E-20  1.59E-20
2517.5  1.55E-20  1.55E-20
2518  1.51E-20  1.51E-20
2518.5  1.48E-20  1.48E-20
2519  1.45E-20  1.45E-20
2519.5  1.42E-20  1.42E-20
2520  1.39E-20  1.39E-20
2520.5  1.39E-20  1.39E-20
2521  1.39E-20  1.39E-20
2521.5  1.38E-20  1.38E-20
2522  1.38E-20  1.38E-20
2522.5  1.36E-20  1.36E-20
2523  1.35E-20  1.35E-20
2523.5  1.33E-20  1.33E-20
2524  1.31E-20  1.31E-20
2524.5  1.31E-20  1.31E-20
2525  1.32E-20  1.32E-20
2525.5  1.32E-20  1.32E-20
2526  1.32E-20  1.32E-20
2526.5  1.28E-20  1.28E-20
2527  1.24E-20  1.24E-20
2527.5  1.20E-20  1.20E-20
2528  1.16E-20  1.16E-20
2528.5  1.17E-20  1.17E-20
2529  1.19E-20  1.19E-20
2529.5  1.20E-20  1.20E-20
2530  1.21E-20  1.21E-20
2530.5  1.21E-20  1.21E-20
2531  1.21E-20  1.21E-20
2531.5  1.20E-20  1.20E-20
2532  1.20E-20  1.20E-20
2532.5  1.20E-20  1.20E-20
2533  1.21E-20  1.21E-20
2533.5  1.21E-20  1.21E-20
2534  1.21E-20  1.21E-20
2534.5  1.20E-20  1.20E-20
2535  1.19E-20  1.19E-20
2535.5  1.18E-20  1.18E-20
2536  1.17E-20  1.17E-20
2536.5  1.14E-20  1.14E-20
2537  1.11E-20  1.11E-20
2537.5  1.08E-20  1.08E-20
2538  1.05E-20  1.05E-20
2538.5  1.07E-20  1.07E-20
2539  1.08E-20  1.08E-20
2539.5  1.10E-20  1.10E-20
2540  1.11E-20  1.11E-20
2540.5  1.08E-20  1.08E-20
2541  1.04E-20  1.04E-20
2541.5  1.01E-20  1.01E-20
2542  9.70E-21  9.70E-21
2542.5  1.01E-20  1.01E-20
2543  1.04E-20  1.04E-20
2543.5  1.08E-20  1.08E-20
2544  1.11E-20  1.11E-20
2544.5  1.09E-20  1.09E-20
2545  1.08E-20  1.08E-20
2545.5  1.06E-20  1.06E-20
2546  1.04E-20  1.04E-20
2546.5  1.01E-20  1.01E-20
2547  9.85E-21  9.85E-21
2547.5  9.58E-21  9.58E-21
2548  9.30E-21  9.30E-21
2548.5  9.23E-21  9.23E-21
2549  9.15E-21  9.15E-21
2549.5  9.08E-21  9.08E-21
2550  9.00E-21  9.00E-21
2550.5  8.93E-21  8.93E-21
2551  8.85E-21  8.85E-21
2551.5  8.78E-21  8.78E-21
2552  8.70E-21  8.70E-21
2552.5  8.73E-21  8.73E-21
2553  8.75E-21  8.75E-21
2553.5  8.78E-21  8.78E-21
2554  8.80E-21  8.80E-21
2554.5  8.95E-21  8.95E-21
2555  9.10E-21  9.10E-21
2555.5  9.25E-21  9.25E-21
2556  9.40E-21  9.40E-21
2556.5  9.20E-21  9.20E-21
2557  9.00E-21  9.00E-21
2557.5  8.80E-21  8.80E-21
2558  8.60E-21  8.60E-21
2558.5  8.75E-21  8.75E-21
2559  8.90E-21  8.90E-21
2559.5  9.05E-21  9.05E-21
2560  9.20E-21  9.20E-21
2560.5  9.30E-21  9.30E-21
2561  9.40E-21  9.40E-21
2561.5  9.50E-21  9.50E-21
2562  9.60E-21  9.60E-21
2562.5  9.28E-21  9.28E-21
2563  8.95E-21  8.95E-21
2563.5  8.63E-21  8.63E-21
2564  8.30E-21  8.30E-21
2564.5  8.33E-21  8.33E-21
2565  8.35E-21  8.35E-21
2565.5  8.38E-21  8.38E-21
2566  8.40E-21  8.40E-21
2566.5  8.25E-21  8.25E-21
2567  8.10E-21  8.10E-21
2567.5  7.95E-21  7.95E-21
2568  7.80E-21  7.80E-21
2568.5  7.48E-21  7.48E-21
2569  7.15E-21  7.15E-21
2569.5  6.83E-21  6.83E-21
2570  6.50E-21  6.50E-21
2570.5  6.88E-21  6.88E-21
2571  7.25E-21  7.25E-21
2571.5  7.63E-21  7.63E-21
2572  8.00E-21  8.00E-21
2572.5  7.73E-21  7.73E-21
2573  7.45E-21  7.45E-21
2573.5  7.18E-21  7.18E-21
2574  6.90E-21  6.90E-21
2574.5  6.80E-21  6.80E-21
2575  6.70E-21  6.70E-21
2575.5  6.60E-21  6.60E-21
2576  6.50E-21  6.50E-21
2576.5  6.58E-21  6.58E-21
2577  6.65E-21  6.65E-21
2577.5  6.73E-21  6.73E-21
2578  6.80E-21  6.80E-21
2578.5  6.68E-21  6.68E-21
2579  6.55E-21  6.55E-21
2579.5  6.43E-21  6.43E-21
2580  6.30E-21  6.30E-21
2580.5  6.35E-21  6.35E-21
2581  6.40E-21  6.40E-21
2581.5  6.45E-21  6.45E-21
2582  6.50E-21  6.50E-21
2582.5  6.20E-21  6.20E-21
2583  5.90E-21  5.90E-21
2583.5  5.60E-21  5.60E-21
2584  5.30E-21  5.30E-21
2584.5  5.10E-21  5.10E-21
2585  4.90E-21  4.90E-21
2585.5  4.70E-21  4.70E-21
2586  4.50E-21  4.50E-21
2586.5  4.75E-21  4.75E-21
2587  5.00E-21  5.00E-21
2587.5  5.25E-21  5.25E-21
2588  5.50E-21  5.50E-21
2588.5  5.15E-21  5.15E-21
2589  4.80E-21  4.80E-21
2589.5  4.45E-21  4.45E-21
2590  4.10E-21  4.10E-21
2590.5  4.05E-21  4.05E-21
2591  4.00E-21  4.00E-21
2591.5  3.95E-21  3.95E-21
2592  3.90E-21  3.90E-21
2592.5  3.78E-21  3.78E-21
2593  3.65E-21  3.65E-21
2593.5  3.53E-21  3.53E-21
2594  3.40E-21  3.40E-21
2594.5  3.45E-21  3.45E-21
2595  3.50E-21  3.50E-21
2595.5  3.55E-21  3.55E-21
2596  3.60E-21  3.60E-21
2596.5  3.80E-21  3.80E-21
2597  4.00E-21  4.00E-21
2597.5  4.20E-21  4.20E-21
2598  4.40E-21  4.40E-21
2598.5  4.08E-21  4.08E-21
2599  3.75E-21  3.75E-21
2599.5  3.43E-21  3.43E-21
2600  3.10E-21  3.10E-21
2600.5  3.22E-21  3.22E-21
2601  3.34E-21  3.34E-21
2601.5  3.46E-21  3.46E-21
2602  3.58E-21  3.58E-21
2602.5  3.70E-21  3.70E-21
2603  3.82E-21  3.82E-21
2603.5  3.94E-21  3.94E-21
2604  4.06E-21  4.06E-21
2604.5  4.18E-21  4.18E-21
2605  4.30E-21  4.30E-21
2605.5  4.33E-21  4.33E-21
2606  4.36E-21  4.36E-21
2606.5  4.39E-21  4.39E-21
2607  4.42E-21  4.42E-21
2607.5  4.45E-21  4.45E-21
2608  4.48E-21  4.48E-21
2608.5  4.51E-21  4.51E-21
2609  4.54E-21  4.54E-21
2609.5  4.57E-21  4.57E-21
2610  4.60E-21  4.60E-21
2610.5  4.65E-21  4.65E-21
2611  4.70E-21  4.70E-21
2611.5  4.75E-21  4.75E-21
2612  4.80E-21  4.80E-21
2612.5  4.85E-21  4.85E-21
2613  4.90E-21  4.90E-21
2613.5  4.95E-21  4.95E-21
2614  5.00E-21  5.00E-21
2614.5  5.05E-21  5.05E-21
2615  5.10E-21  5.10E-21
2615.5  5.18E-21  5.18E-21
2616  5.26E-21  5.26E-21
2616.5  5.34E-21  5.34E-21
2617  5.42E-21  5.42E-21
2617.5  5.50E-21  5.50E-21
2618  5.58E-21  5.58E-21
2618.5  5.66E-21  5.66E-21
2619  5.74E-21  5.74E-21
2619.5  5.82E-21  5.82E-21
2620  5.90E-21  5.90E-21
2620.5  5.82E-21  5.82E-21
2621  5.74E-21  5.74E-21
2621.5  5.66E-21  5.66E-21
2622  5.58E-21  5.58E-21
2622.5  5.50E-21  5.50E-21
2623  5.42E-21  5.42E-21
2623.5  5.34E-21  5.34E-21
2624  5.26E-21  5.26E-21
2624.5  5.18E-21  5.18E-21
2625  5.10E-21  5.10E-21
2625.5  5.13E-21  5.13E-21
2626  5.16E-21  5.16E-21
2626.5  5.19E-21  5.19E-21
2627  5.22E-21  5.22E-21
2627.5  5.25E-21  5.25E-21
2628  5.28E-21  5.28E-21
2628.5  5.31E-21  5.31E-21
2629  5.34E-21  5.34E-21
2629.5  5.37E-21  5.37E-21
2630  5.40E-21  5.40E-21
2630.5  5.34E-21  5.34E-21
2631  5.28E-21  5.28E-21
2631.5  5.22E-21  5.22E-21
2632  5.16E-21  5.16E-21
2632.5  5.10E-21  5.10E-21
2633  5.04E-21  5.04E-21
2633.5  4.98E-21  4.98E-21
2634  4.92E-21  4.92E-21
2634.5  4.86E-21  4.86E-21
2635  4.80E-21  4.80E-21
2635.5  4.80E-21  4.80E-21
2636  4.80E-21  4.80E-21
2636.5  4.80E-21  4.80E-21
2637  4.80E-21  4.80E-21
2637.5  4.80E-21  4.80E-21
2638  4.80E-21  4.80E-21
2638.5  4.80E-21  4.80E-21
2639  4.80E-21  4.80E-21
2639.5  4.80E-21  4.80E-21
2640  4.80E-21  4.80E-21
2640.5  4.76E-21  4.76E-21
2641  4.72E-21  4.72E-21
2641.5  4.68E-21  4.68E-21
2642  4.64E-21  4.64E-21
2642.5  4.60E-21  4.60E-21
2643  4.56E-21  4.56E-21
2643.5  4.52E-21  4.52E-21
2644  4.48E-21  4.48E-21
2644.5  4.44E-21  4.44E-21
2645  4.40E-21  4.40E-21
2645.5  4.86E-21  4.86E-21
2646  5.32E-21  5.32E-21
2646.5  5.78E-21  5.78E-21
2647  6.24E-21  6.24E-21
2647.5  6.70E-21  6.70E-21
2648  7.16E-21  7.16E-21
2648.5  7.62E-21  7.62E-21
2649  8.08E-21  8.08E-21
2649.5  8.54E-21  8.54E-21
2650  9.00E-21  9.00E-21
2650.5  8.82E-21  8.82E-21
2651  8.64E-21  8.64E-21
2651.5  8.46E-21  8.46E-21
2652  8.28E-21  8.28E-21
2652.5  8.10E-21  8.10E-21
2653  7.92E-21  7.92E-21
2653.5  7.74E-21  7.74E-21
2654  7.56E-21  7.56E-21
2654.5  7.38E-21  7.38E-21
2655  7.20E-21  7.20E-21
2655.5  7.12E-21  7.12E-21
2656  7.04E-21  7.04E-21
2656.5  6.96E-21  6.96E-21
2657  6.88E-21  6.88E-21
2657.5  6.80E-21  6.80E-21
2658  6.72E-21  6.72E-21
2658.5  6.64E-21  6.64E-21
2659  6.56E-21  6.56E-21
2659.5  6.48E-21  6.48E-21
2660  6.40E-21  6.40E-21
2660.5  6.43E-21  6.43E-21
2661  6.46E-21  6.46E-21
2661.5  6.49E-21  6.49E-21
2662  6.52E-21  6.52E-21
2662.5  6.55E-21  6.55E-21
2663  6.58E-21  6.58E-21
2663.5  6.61E-21  6.61E-21
2664  6.64E-21  6.64E-21
2664.5  6.67E-21  6.67E-21
2665  6.70E-21  6.70E-21
2665.5  6.76E-21  6.76E-21
2666  6.82E-21  6.82E-21
2666.5  6.88E-21  6.88E-21
2667  6.94E-21  6.94E-21
2667.5  7.00E-21  7.00E-21
2668  7.06E-21  7.06E-21
2668.5  7.12E-21  7.12E-21
2669  7.18E-21  7.18E-21
2669.5  7.24E-21  7.24E-21
2670  7.30E-21  7.30E-21
2670.5  7.27E-21  7.27E-21
2671  7.24E-21  7.24E-21
2671.5  7.21E-21  7.21E-21
2672  7.18E-21  7.18E-21
2672.5  7.15E-21  7.15E-21
2673  7.12E-21  7.12E-21
2673.5  7.09E-21  7.09E-21
2674  7.06E-21  7.06E-21
2674.5  7.03E-21  7.03E-21
2675  7.00E-21  7.00E-21
2675.5  6.90E-21  6.90E-21
2676  6.80E-21  6.80E-21
2676.5  6.70E-21  6.70E-21
2677  6.60E-21  6.60E-21
2677.5  6.50E-21  6.50E-21
2678  6.40E-21  6.40E-21
2678.5  6.30E-21  6.30E-21
2679  6.20E-21  6.20E-21
2679.5  6.10E-21  6.10E-21
2680  6.00E-21  6.00E-21
2680.5  5.97E-21  5.97E-21
2681  5.94E-21  5.94E-21
2681.5  5.91E-21  5.91E-21
2682  5.88E-21  5.88E-21
2682.5  5.85E-21  5.85E-21
2683  5.82E-21  5.82E-21
2683.5  5.79E-21  5.79E-21
2684  5.76E-21  5.76E-21
2684.5  5.73E-21  5.73E-21
2685  5.70E-21  5.70E-21
2685.5  5.67E-21  5.67E-21
2686  5.64E-21  5.64E-21
2686.5  5.61E-21  5.61E-21
2687  5.58E-21  5.58E-21
2687.5  5.55E-21  5.55E-21
2688  5.52E-21  5.52E-21
2688.5  5.49E-21  5.49E-21
2689  5.46E-21  5.46E-21
2689.5  5.43E-21  5.43E-21
2690  5.40E-21  5.40E-21
2690.5  5.39E-21  5.39E-21
2691  5.38E-21  5.38E-21
2691.5  5.37E-21  5.37E-21
2692  5.36E-21  5.36E-21
2692.5  5.35E-21  5.35E-21
2693  5.34E-21  5.34E-21
2693.5  5.33E-21  5.33E-21
2694  5.32E-21  5.32E-21
2694.5  5.31E-21  5.31E-21
2695  5.30E-21  5.30E-21
2695.5  5.21E-21  5.21E-21
2696  5.12E-21  5.12E-21
2696.5  5.03E-21  5.03E-21
2697  4.94E-21  4.94E-21
2697.5  4.85E-21  4.85E-21
2698  4.76E-21  4.76E-21
2698.5  4.67E-21  4.67E-21
2699  4.58E-21  4.58E-21
2699.5  4.49E-21  4.49E-21
2700  4.40E-21  4.40E-21
2700.5  4.45E-21  4.45E-21
2701  4.50E-21  4.50E-21
2701.5  4.55E-21  4.55E-21
2702  4.60E-21  4.60E-21
2702.5  4.65E-21  4.65E-21
2703  4.70E-21  4.70E-21
2703.5  4.75E-21  4.75E-21
2704  4.80E-21  4.80E-21
2704.5  4.85E-21  4.85E-21
2705  4.90E-21  4.90E-21
2705.5  4.87E-21  4.87E-21
2706  4.84E-21  4.84E-21
2706.5  4.81E-21  4.81E-21
2707  4.78E-21  4.78E-21
2707.5  4.75E-21  4.75E-21
2708  4.72E-21  4.72E-21
2708.5  4.69E-21  4.69E-21
2709  4.66E-21  4.66E-21
2709.5  4.63E-21  4.63E-21
2710  4.60E-21  4.60E-21
2710.5  4.55E-21  4.55E-21
2711  4.50E-21  4.50E-21
2711.5  4.45E-21  4.45E-21
2712  4.40E-21  4.40E-21
2712.5  4.35E-21  4.35E-21
2713  4.30E-21  4.30E-21
2713.5  4.25E-21  4.25E-21
2714  4.20E-21  4.20E-21
2714.5  4.15E-21  4.15E-21
2715  4.10E-21  4.10E-21
2715.5  4.11E-21  4.11E-21
2716  4.12E-21  4.12E-21
2716.5  4.13E-21  4.13E-21
2717  4.14E-21  4.14E-21
2717.5  4.15E-21  4.15E-21
2718  4.16E-21  4.16E-21
2718.5  4.17E-21  4.17E-21
2719  4.18E-21  4.18E-21
2719.5  4.19E-21  4.19E-21
2720  4.20E-21  4.20E-21
2720.5  4.29E-21  4.29E-21
2721  4.38E-21  4.38E-21
2721.5  4.47E-21  4.47E-21
2722  4.56E-21  4.56E-21
2722.5  4.65E-21  4.65E-21
2723  4.74E-21  4.74E-21
2723.5  4.83E-21  4.83E-21
2724  4.92E-21  4.92E-21
2724.5  5.01E-21  5.01E-21
2725  5.10E-21  5.10E-21
2725.5  5.11E-21  5.11E-21
2726  5.12E-21  5.12E-21
2726.5  5.13E-21  5.13E-21
2727  5.14E-21  5.14E-21
2727.5  5.15E-21  5.15E-21
2728  5.16E-21  5.16E-21
2728.5  5.17E-21  5.17E-21
2729  5.18E-21  5.18E-21
2729.5  5.19E-21  5.19E-21
2730  5.20E-21  5.20E-21
2730.5  5.23E-21  5.23E-21
2731  5.26E-21  5.26E-21
2731.5  5.29E-21  5.29E-21
2732  5.32E-21  5.32E-21
2732.5  5.35E-21  5.35E-21
2733  5.38E-21  5.38E-21
2733.5  5.41E-21  5.41E-21
2734  5.44E-21  5.44E-21
2734.5  5.47E-21  5.47E-21
2735  5.50E-21  5.50E-21
2735.5  5.48E-21  5.48E-21
2736  5.46E-21  5.46E-21
2736.5  5.44E-21  5.44E-21
2737  5.42E-21  5.42E-21
2737.5  5.40E-21  5.40E-21
2738  5.38E-21  5.38E-21
2738.5  5.36E-21  5.36E-21
2739  5.34E-21  5.34E-21
2739.5  5.32E-21  5.32E-21
2740  5.30E-21  5.30E-21
2740.5  5.27E-21  5.27E-21
2741  5.24E-21  5.24E-21
2741.5  5.21E-21  5.21E-21
2742  5.18E-21  5.18E-21
2742.5  5.15E-21  5.15E-21
2743  5.12E-21  5.12E-21
2743.5  5.09E-21  5.09E-21
2744  5.06E-21  5.06E-21
2744.5  5.03E-21  5.03E-21
2745  5.00E-21  5.00E-21
2745.5  5.01E-21  5.01E-21
2746  5.02E-21  5.02E-21
2746.5  5.03E-21  5.03E-21
2747  5.04E-21  5.04E-21
2747.5  5.05E-21  5.05E-21
2748  5.06E-21  5.06E-21
2748.5  5.07E-21  5.07E-21
2749  5.08E-21  5.08E-21
2749.5  5.09E-21  5.09E-21
2750  5.10E-21  5.10E-21
2750.5  5.14E-21  5.14E-21
2751  5.18E-21  5.18E-21
2751.5  5.22E-21  5.22E-21
2752  5.26E-21  5.26E-21
2752.5  5.30E-21  5.30E-21
2753  5.34E-21  5.34E-21
2753.5  5.38E-21  5.38E-21
2754  5.42E-21  5.42E-21
2754.5  5.46E-21  5.46E-21
2755  5.50E-21  5.50E-21
2755.5  5.45E-21  5.45E-21
2756  5.40E-21  5.40E-21
2756.5  5.35E-21  5.35E-21
2757  5.30E-21  5.30E-21
2757.5  5.25E-21  5.25E-21
2758  5.20E-21  5.20E-21
2758.5  5.15E-21  5.15E-21
2759  5.10E-21  5.10E-21
2759.5  5.05E-21  5.05E-21
2760  5.00E-21  5.00E-21
2760.5  5.11E-21  5.11E-21
2761  5.22E-21  5.22E-21
2761.5  5.33E-21  5.33E-21
2762  5.44E-21  5.44E-21
2762.5  5.55E-21  5.55E-21
2763  5.66E-21  5.66E-21
2763.5  5.77E-21  5.77E-21
2764  5.88E-21  5.88E-21
2764.5  5.99E-21  5.99E-21
2765  6.10E-21  6.10E-21
2765.5  6.02E-21  6.02E-21
2766  5.94E-21  5.94E-21
2766.5  5.86E-21  5.86E-21
2767  5.78E-21  5.78E-21
2767.5  5.70E-21  5.70E-21
2768  5.62E-21  5.62E-21
2768.5  5.54E-21  5.54E-21
2769  5.46E-21  5.46E-21
2769.5  5.38E-21  5.38E-21
2770  5.30E-21  5.30E-21
2770.5  5.35E-21  5.35E-21
2771  5.40E-21  5.40E-21
2771.5  5.45E-21  5.45E-21
2772  5.50E-21  5.50E-21
2772.5  5.55E-21  5.55E-21
2773  5.60E-21  5.60E-21
2773.5  5.65E-21  5.65E-21
2774  5.70E-21  5.70E-21
2774.5  5.75E-21  5.75E-21
2775  5.80E-21  5.80E-21
2775.5  5.76E-21  5.76E-21
2776  5.72E-21  5.72E-21
2776.5  5.68E-21  5.68E-21
2777  5.64E-21  5.64E-21
2777.5  5.60E-21  5.60E-21
2778  5.56E-21  5.56E-21
2778.5  5.52E-21  5.52E-21
2779  5.48E-21  5.48E-21
2779.5  5.44E-21  5.44E-21
2780  5.40E-21  5.40E-21
2780.5  5.39E-21  5.39E-21
2781  5.38E-21  5.38E-21
2781.5  5.37E-21  5.37E-21
2782  5.36E-21  5.36E-21
2782.5  5.35E-21  5.35E-21
2783  5.34E-21  5.34E-21
2783.5  5.33E-21  5.33E-21
2784  5.32E-21  5.32E-21
2784.5  5.31E-21  5.31E-21
2785  5.30E-21  5.30E-21
2785.5  5.46E-21  5.46E-21
2786  5.62E-21  5.62E-21
2786.5  5.78E-21  5.78E-21
2787  5.94E-21  5.94E-21
2787.5  6.10E-21  6.10E-21
2788  6.26E-21  6.26E-21
2788.5  6.42E-21  6.42E-21
2789  6.58E-21  6.58E-21
2789.5  6.74E-21  6.74E-21
2790  6.90E-21  6.90E-21
2790.5  6.78E-21  6.78E-21
2791  6.66E-21  6.66E-21
2791.5  6.54E-21  6.54E-21
2792  6.42E-21  6.42E-21
2792.5  6.30E-21  6.30E-21
2793  6.18E-21  6.18E-21
2793.5  6.06E-21  6.06E-21
2794  5.94E-21  5.94E-21
2794.5  5.82E-21  5.82E-21
2795  5.70E-21  5.70E-21
2795.5  5.68E-21  5.68E-21
2796  5.66E-21  5.66E-21
2796.5  5.64E-21  5.64E-21
2797  5.62E-21  5.62E-21
2797.5  5.60E-21  5.60E-21
2798  5.58E-21  5.58E-21
2798.5  5.56E-21  5.56E-21
2799  5.54E-21  5.54E-21
2799.5  5.52E-21  5.52E-21
2800  5.50E-21  5.50E-21
2800.5  5.49E-21  5.49E-21
2801  5.48E-21  5.48E-21
2801.5  5.47E-21  5.47E-21
2802  5.46E-21  5.46E-21
2802.5  5.45E-21  5.45E-21
2803  5.44E-21  5.44E-21
2803.5  5.43E-21  5.43E-21
2804  5.42E-21  5.42E-21
2804.5  5.41E-21  5.41E-21
2805  5.40E-21  5.40E-21
2805.5  5.39E-21  5.39E-21
2806  5.38E-21  5.38E-21
2806.5  5.37E-21  5.37E-21
2807  5.36E-21  5.36E-21
2807.5  5.35E-21  5.35E-21
2808  5.34E-21  5.34E-21
2808.5  5.33E-21  5.33E-21
2809  5.32E-21  5.32E-21
2809.5  5.31E-21  5.31E-21
2810  5.30E-21  5.30E-21
2810.5  5.25E-21  5.25E-21
2811  5.20E-21  5.20E-21
2811.5  5.15E-21  5.15E-21
2812  5.10E-21  5.10E-21
2812.5  5.05E-21  5.05E-21
2813  5.00E-21  5.00E-21
2813.5  4.95E-21  4.95E-21
2814  4.90E-21  4.90E-21
2814.5  4.85E-21  4.85E-21
2815  4.80E-21  4.80E-21
2815.5  4.91E-21  4.91E-21
2816  5.02E-21  5.02E-21
2816.5  5.13E-21  5.13E-21
2817  5.24E-21  5.24E-21
2817.5  5.35E-21  5.35E-21
2818  5.46E-21  5.46E-21
2818.5  5.57E-21  5.57E-21
2819  5.68E-21  5.68E-21
2819.5  5.79E-21  5.79E-21
2820  5.90E-21  5.90E-21
2820.5  5.81E-21  5.81E-21
2821  5.72E-21  5.72E-21
2821.5  5.63E-21  5.63E-21
2822  5.54E-21  5.54E-21
2822.5  5.45E-21  5.45E-21
2823  5.36E-21  5.36E-21
2823.5  5.27E-21  5.27E-21
2824  5.18E-21  5.18E-21
2824.5  5.09E-21  5.09E-21
2825  5.00E-21  5.00E-21
2825.5  4.96E-21  4.96E-21
2826  4.92E-21  4.92E-21
2826.5  4.88E-21  4.88E-21
2827  4.84E-21  4.84E-21
2827.5  4.80E-21  4.80E-21
2828  4.76E-21  4.76E-21
2828.5  4.72E-21  4.72E-21
2829  4.68E-21  4.68E-21
2829.5  4.64E-21  4.64E-21
2830  4.60E-21  4.60E-21
2830.5  4.54E-21  4.54E-21
2831  4.48E-21  4.48E-21
2831.5  4.42E-21  4.42E-21
2832  4.36E-21  4.36E-21
2832.5  4.30E-21  4.30E-21
2833  4.24E-21  4.24E-21
2833.5  4.18E-21  4.18E-21
2834  4.12E-21  4.12E-21
2834.5  4.06E-21  4.06E-21
2835  4.00E-21  4.00E-21
2835.5  3.89E-21  3.89E-21
2836  3.78E-21  3.78E-21
2836.5  3.67E-21  3.67E-21
2837  3.56E-21  3.56E-21
2837.5  3.45E-21  3.45E-21
2838  3.34E-21  3.34E-21
2838.5  3.23E-21  3.23E-21
2839  3.12E-21  3.12E-21
2839.5  3.01E-21  3.01E-21
2840  2.90E-21  2.90E-21
2840.5  3.08E-21  3.08E-21
2841  3.26E-21  3.26E-21
2841.5  3.44E-21  3.44E-21
2842  3.62E-21  3.62E-21
2842.5  3.80E-21  3.80E-21
2843  3.98E-21  3.98E-21
2843.5  4.16E-21  4.16E-21
2844  4.34E-21  4.34E-21
2844.5  4.52E-21  4.52E-21
2845  4.70E-21  4.70E-21
2845.5  4.70E-21  4.70E-21
2846  4.70E-21  4.70E-21
2846.5  4.70E-21  4.70E-21
2847  4.70E-21  4.70E-21
2847.5  4.70E-21  4.70E-21
2848  4.70E-21  4.70E-21
2848.5  4.70E-21  4.70E-21
2849  4.70E-21  4.70E-21
2849.5  4.70E-21  4.70E-21
2850  4.70E-21  4.70E-21
2850.5  4.62E-21  4.62E-21
2851  4.54E-21  4.54E-21
2851.5  4.46E-21  4.46E-21
2852  4.38E-21  4.38E-21
2852.5  4.30E-21  4.30E-21
2853  4.22E-21  4.22E-21
2853.5  4.14E-21  4.14E-21
2854  4.06E-21  4.06E-21
2854.5  3.98E-21  3.98E-21
2855  3.90E-21  3.90E-21
2855.5  4.00E-21  4.00E-21
2856  4.10E-21  4.10E-21
2856.5  4.20E-21  4.20E-21
2857  4.30E-21  4.30E-21
2857.5  4.40E-21  4.40E-21
2858  4.50E-21  4.50E-21
2858.5  4.60E-21  4.60E-21
2859  4.70E-21  4.70E-21
2859.5  4.80E-21  4.80E-21
2860  4.90E-21  4.90E-21
2860.5  4.87E-21  4.87E-21
2861  4.84E-21  4.84E-21
2861.5  4.81E-21  4.81E-21
2862  4.78E-21  4.78E-21
2862.5  4.75E-21  4.75E-21
2863  4.72E-21  4.72E-21
2863.5  4.69E-21  4.69E-21
2864  4.66E-21  4.66E-21
2864.5  4.63E-21  4.63E-21
2865  4.60E-21  4.60E-21
2865.5  4.50E-21  4.50E-21
2866  4.40E-21  4.40E-21
2866.5  4.30E-21  4.30E-21
2867  4.20E-21  4.20E-21
2867.5  4.10E-21  4.10E-21
2868  4.00E-21  4.00E-21
2868.5  3.90E-21  3.90E-21
2869  3.80E-21  3.80E-21
2869.5  3.70E-21  3.70E-21
2870  3.60E-21  3.60E-21
2870.5  3.57E-21  3.57E-21
2871  3.54E-21  3.54E-21
2871.5  3.51E-21  3.51E-21
2872  3.48E-21  3.48E-21
2872.5  3.45E-21  3.45E-21
2873  3.42E-21  3.42E-21
2873.5  3.39E-21  3.39E-21
2874  3.36E-21  3.36E-21
2874.5  3.33E-21  3.33E-21
2875  3.30E-21  3.30E-21
2875.5  3.41E-21  3.41E-21
2876  3.52E-21  3.52E-21
2876.5  3.63E-21  3.63E-21
2877  3.74E-21  3.74E-21
2877.5  3.85E-21  3.85E-21
2878  3.96E-21  3.96E-21
2878.5  4.07E-21  4.07E-21
2879  4.18E-21  4.18E-21
2879.5  4.29E-21  4.29E-21
2880  4.40E-21  4.40E-21
2880.5  4.50E-21  4.50E-21
2881  4.60E-21  4.60E-21
2881.5  4.70E-21  4.70E-21
2882  4.80E-21  4.80E-21
2882.5  4.90E-21  4.90E-21
2883  5.00E-21  5.00E-21
2883.5  5.10E-21  5.10E-21
2884  5.20E-21  5.20E-21
2884.5  5.30E-21  5.30E-21
2885  5.40E-21  5.40E-21
2885.5  5.37E-21  5.37E-21
2886  5.34E-21  5.34E-21
2886.5  5.31E-21  5.31E-21
2887  5.28E-21  5.28E-21
2887.5  5.25E-21  5.25E-21
2888  5.22E-21  5.22E-21
2888.5  5.19E-21  5.19E-21
2889  5.16E-21  5.16E-21
2889.5  5.13E-21  5.13E-21
2890  5.10E-21  5.10E-21
2890.5  5.16E-21  5.16E-21
2891  5.22E-21  5.22E-21
2891.5  5.28E-21  5.28E-21
2892  5.34E-21  5.34E-21
2892.5  5.40E-21  5.40E-21
2893  5.46E-21  5.46E-21
2893.5  5.52E-21  5.52E-21
2894  5.58E-21  5.58E-21
2894.5  5.64E-21  5.64E-21
2895  5.70E-21  5.70E-21
2895.5  5.75E-21  5.75E-21
2896  5.80E-21  5.80E-21
2896.5  5.85E-21  5.85E-21
2897  5.90E-21  5.90E-21
2897.5  5.95E-21  5.95E-21
2898  6.00E-21  6.00E-21
2898.5  6.05E-21  6.05E-21
2899  6.10E-21  6.10E-21
2899.5  6.15E-21  6.15E-21
2900  6.20E-21  6.20E-21
2900.5  6.30E-21  6.30E-21
2901  6.40E-21  6.40E-21
2901.5  6.50E-21  6.50E-21
2902  6.60E-21  6.60E-21
2902.5  6.70E-21  6.70E-21
2903  6.80E-21  6.80E-21
2903.5  6.90E-21  6.90E-21
2904  7.00E-21  7.00E-21
2904.5  7.10E-21  7.10E-21
2905  7.20E-21  7.20E-21
2905.5  7.19E-21  7.19E-21
2906  7.18E-21  7.18E-21
2906.5  7.17E-21  7.17E-21
2907  7.16E-21  7.16E-21
2907.5  7.15E-21  7.15E-21
2908  7.14E-21  7.14E-21
2908.5  7.13E-21  7.13E-21
2909  7.12E-21  7.12E-21
2909.5  7.11E-21  7.11E-21
2910  7.10E-21  7.10E-21
2910.5  7.07E-21  7.07E-21
2911  7.04E-21  7.04E-21
2911.5  7.01E-21  7.01E-21
2912  6.98E-21  6.98E-21
2912.5  6.95E-21  6.95E-21
2913  6.92E-21  6.92E-21
2913.5  6.89E-21  6.89E-21
2914  6.86E-21  6.86E-21
2914.5  6.83E-21  6.83E-21
2915  6.80E-21  6.80E-21
2915.5  6.86E-21  6.86E-21
2916  6.92E-21  6.92E-21
2916.5  6.98E-21  6.98E-21
2917  7.04E-21  7.04E-21
2917.5  7.10E-21  7.10E-21
2918  7.16E-21  7.16E-21
2918.5  7.22E-21  7.22E-21
2919  7.28E-21  7.28E-21
2919.5  7.34E-21  7.34E-21
2920  7.40E-21  7.40E-21
2920.5  7.42E-21  7.42E-21
2921  7.44E-21  7.44E-21
2921.5  7.46E-21  7.46E-21
2922  7.48E-21  7.48E-21
2922.5  7.50E-21  7.50E-21
2923  7.52E-21  7.52E-21
2923.5  7.54E-21  7.54E-21
2924  7.56E-21  7.56E-21
2924.5  7.58E-21  7.58E-21
2925  7.60E-21  7.60E-21
2925.5  7.64E-21  7.64E-21
2926  7.68E-21  7.68E-21
2926.5  7.72E-21  7.72E-21
2927  7.76E-21  7.76E-21
2927.5  7.80E-21  7.80E-21
2928  7.84E-21  7.84E-21
2928.5  7.88E-21  7.88E-21
2929  7.92E-21  7.92E-21
2929.5  7.96E-21  7.96E-21
2930  8.00E-21  8.00E-21
2930.5  7.90E-21  7.90E-21
2931  7.80E-21  7.80E-21
2931.5  7.70E-21  7.70E-21
2932  7.60E-21  7.60E-21
2932.5  7.50E-21  7.50E-21
2933  7.40E-21  7.40E-21
2933.5  7.30E-21  7.30E-21
2934  7.20E-21  7.20E-21
2934.5  7.10E-21  7.10E-21
2935  7.00E-21  7.00E-21
2935.5  7.00E-21  7.00E-21
2936  7.00E-21  7.00E-21
2936.5  7.00E-21  7.00E-21
2937  7.00E-21  7.00E-21
2937.5  7.00E-21  7.00E-21
2938  7.00E-21  7.00E-21
2938.5  7.00E-21  7.00E-21
2939  7.00E-21  7.00E-21
2939.5  7.00E-21  7.00E-21
2940  7.00E-21  7.00E-21
2940.5  6.96E-21  6.96E-21
2941  6.92E-21  6.92E-21
2941.5  6.88E-21  6.88E-21
2942  6.84E-21  6.84E-21
2942.5  6.80E-21  6.80E-21
2943  6.76E-21  6.76E-21
2943.5  6.72E-21  6.72E-21
2944  6.68E-21  6.68E-21
2944.5  6.64E-21  6.64E-21
2945  6.60E-21  6.60E-21
2945.5  6.65E-21  6.65E-21
2946  6.70E-21  6.70E-21
2946.5  6.75E-21  6.75E-21
2947  6.80E-21  6.80E-21
2947.5  6.85E-21  6.85E-21
2948  6.90E-21  6.90E-21
2948.5  6.95E-21  6.95E-21
2949  7.00E-21  7.00E-21
2949.5  7.05E-21  7.05E-21
2950  7.10E-21  7.10E-21
2950.5  7.21E-21  7.21E-21
2951  7.32E-21  7.32E-21
2951.5  7.43E-21  7.43E-21
2952  7.54E-21  7.54E-21
2952.5  7.65E-21  7.65E-21
2953  7.76E-21  7.76E-21
2953.5  7.87E-21  7.87E-21
2954  7.98E-21  7.98E-21
2954.5  8.09E-21  8.09E-21
2955  8.20E-21  8.20E-21
2955.5  8.15E-21  8.15E-21
2956  8.10E-21  8.10E-21
2956.5  8.05E-21  8.05E-21
2957  8.00E-21  8.00E-21
2957.5  7.95E-21  7.95E-21
2958  7.90E-21  7.90E-21
2958.5  7.85E-21  7.85E-21
2959  7.80E-21  7.80E-21
2959.5  7.75E-21  7.75E-21
2960  7.70E-21  7.70E-21
2960.5  7.80E-21  7.80E-21
2961  7.90E-21  7.90E-21
2961.5  8.00E-21  8.00E-21
2962  8.10E-21  8.10E-21
2962.5  8.20E-21  8.20E-21
2963  8.30E-21  8.30E-21
2963.5  8.40E-21  8.40E-21
2964  8.50E-21  8.50E-21
2964.5  8.60E-21  8.60E-21
2965  8.70E-21  8.70E-21
2965.5  8.56E-21  8.56E-21
2966  8.42E-21  8.42E-21
2966.5  8.28E-21  8.28E-21
2967  8.14E-21  8.14E-21
2967.5  8.00E-21  8.00E-21
2968  7.86E-21  7.86E-21
2968.5  7.72E-21  7.72E-21
2969  7.58E-21  7.58E-21
2969.5  7.44E-21  7.44E-21
2970  7.30E-21  7.30E-21
2970.5  6.82E-21  6.82E-21
2971  6.34E-21  6.34E-21
2971.5  5.86E-21  5.86E-21
2972  5.39E-21  5.39E-21
2972.5  4.91E-21  4.91E-21
2973  4.43E-21  4.43E-21
2973.5  3.95E-21  3.95E-21
2974  3.47E-21  3.47E-21
2974.5  2.99E-21  2.99E-21
2975  2.51E-21  2.51E-21
2975.5  2.62E-21  2.62E-21
2976  2.72E-21  2.72E-21
2976.5  2.82E-21  2.82E-21
2977  2.92E-21  2.92E-21
2977.5  3.02E-21  3.02E-21
2978  3.12E-21  3.12E-21
2978.5  3.23E-21  3.23E-21
2979  3.33E-21  3.33E-21
2979.5  3.43E-21  3.43E-21
2980  3.53E-21  3.53E-21
2980.5  3.52E-21  3.52E-21
2981  3.52E-21  3.52E-21
2981.5  3.51E-21  3.51E-21
2982  3.50E-21  3.50E-21
2982.5  3.49E-21  3.49E-21
2983  3.49E-21  3.49E-21
2983.5  3.48E-21  3.48E-21
2984  3.47E-21  3.47E-21
2984.5  3.46E-21  3.46E-21
2985  3.45E-21  3.45E-21
2985.5  3.33E-21  3.33E-21
2986  3.21E-21  3.21E-21
2986.5  3.09E-21  3.09E-21
2987  2.96E-21  2.96E-21
2987.5  2.84E-21  2.84E-21
2988  2.72E-21  2.72E-21
2988.5  2.59E-21  2.59E-21
2989  2.47E-21  2.47E-21
2989.5  2.35E-21  2.35E-21
2990  2.22E-21  2.22E-21
2990.5  2.21E-21  2.21E-21
2991  2.20E-21  2.20E-21
2991.5  2.19E-21  2.19E-21
2992  2.17E-21  2.17E-21
2992.5  2.16E-21  2.16E-21
2993  2.15E-21  2.15E-21
2993.5  2.13E-21  2.13E-21
2994  2.12E-21  2.12E-21
2994.5  2.11E-21  2.11E-21
2995  2.09E-21  2.09E-21
2995.5  2.13E-21  2.13E-21
2996  2.17E-21  2.17E-21
2996.5  2.21E-21  2.21E-21
2997  2.24E-21  2.24E-21
2997.5  2.28E-21  2.28E-21
2998  2.32E-21  2.32E-21
2998.5  2.36E-21  2.36E-21
2999  2.39E-21  2.39E-21
2999.5  2.43E-21  2.43E-21
3000  2.47E-21  2.47E-21
3000.5  2.53E-21  2.53E-21
3001  2.59E-21  2.59E-21
3001.5  2.64E-21  2.64E-21
3002  2.70E-21  2.70E-21
3002.5  2.76E-21  2.76E-21
3003  2.82E-21  2.82E-21
3003.5  2.88E-21  2.88E-21
3004  2.93E-21  2.93E-21
3004.5  2.99E-21  2.99E-21
3005  3.05E-21  3.05E-21
3005.5  2.97E-21  2.97E-21
3006  2.89E-21  2.89E-21
3006.5  2.81E-21  2.81E-21
3007  2.73E-21  2.73E-21
3007.5  2.65E-21  2.65E-21
3008  2.57E-21  2.57E-21
3008.5  2.49E-21  2.49E-21
3009  2.42E-21  2.42E-21
3009.5  2.34E-21  2.34E-21
3010  2.26E-21  2.26E-21
3010.5  2.27E-21  2.27E-21
3011  2.29E-21  2.29E-21
3011.5  2.31E-21  2.31E-21
3012  2.33E-21  2.33E-21
3012.5  2.34E-21  2.34E-21
3013  2.36E-21  2.36E-21
3013.5  2.38E-21  2.38E-21
3014  2.40E-21  2.40E-21
3014.5  2.41E-21  2.41E-21
3015  2.43E-21  2.43E-21
3015.5  2.41E-21  2.41E-21
3016  2.38E-21  2.38E-21
3016.5  2.36E-21  2.36E-21
3017  2.34E-21  2.34E-21
3017.5  2.31E-21  2.31E-21
3018  2.29E-21  2.29E-21
3018.5  2.27E-21  2.27E-21
3019  2.24E-21  2.24E-21
3019.5  2.22E-21  2.22E-21
3020  2.20E-21  2.20E-21
3020.5  2.24E-21  2.24E-21
3021  2.28E-21  2.28E-21
3021.5  2.33E-21  2.33E-21
3022  2.37E-21  2.37E-21
3022.5  2.41E-21  2.41E-21
3023  2.46E-21  2.46E-21
3023.5  2.50E-21  2.50E-21
3024  2.54E-21  2.54E-21
3024.5  2.59E-21  2.59E-21
3025  2.63E-21  2.63E-21
3025.5  2.43E-21  2.43E-21
3026  2.24E-21  2.24E-21
3026.5  2.05E-21  2.05E-21
3027  1.85E-21  1.85E-21
3027.5  1.66E-21  1.66E-21
3028  1.46E-21  1.46E-21
3028.5  1.27E-21  1.27E-21
3029  1.07E-21  1.07E-21
3029.5  8.77E-22  8.77E-22
3030  6.82E-22  6.82E-22
3030.5  7.57E-22  7.57E-22
3031  8.31E-22  8.31E-22
3031.5  9.05E-22  9.05E-22
3032  9.80E-22  9.80E-22
3032.5  1.05E-21  1.05E-21
3033  1.13E-21  1.13E-21
3033.5  1.20E-21  1.20E-21
3034  1.28E-21  1.28E-21
3034.5  1.35E-21  1.35E-21
3035  1.43E-21  1.43E-21
3035.5  1.31E-21  1.31E-21
3036  1.20E-21  1.20E-21
3036.5  1.09E-21  1.09E-21
3037  9.73E-22  9.73E-22
3037.5  8.60E-22  8.60E-22
3038  7.47E-22  7.47E-22
3038.5  6.34E-22  6.34E-22
3039  5.20E-22  5.20E-22
3039.5  4.07E-22  4.07E-22
3040  2.94E-22  2.94E-22
3040.5  3.06E-22  3.06E-22
3041  3.18E-22  3.18E-22
3041.5  3.30E-22  3.30E-22
3042  3.41E-22  3.41E-22
3042.5  3.53E-22  3.53E-22
3043  3.65E-22  3.65E-22
3043.5  3.77E-22  3.77E-22
3044  3.89E-22  3.89E-22
3044.5  4.00E-22  4.00E-22
3045  4.12E-22  4.12E-22
3045.5  3.82E-22  3.82E-22
3046  3.52E-22  3.52E-22
3046.5  3.22E-22  3.22E-22
3047  2.92E-22  2.92E-22
3047.5  2.61E-22  2.61E-22
3048  2.31E-22  2.31E-22
3048.5  2.01E-22  2.01E-22
3049  1.71E-22  1.71E-22
3049.5  1.41E-22  1.41E-22
3050  1.10E-22  1.10E-22
3050.5  1.81E-22  1.81E-22
3051  2.51E-22  2.51E-22
3051.5  3.21E-22  3.21E-22
3052  3.91E-22  3.91E-22
3052.5  4.61E-22  4.61E-22
3053  5.31E-22  5.31E-22
3053.5  6.01E-22  6.01E-22
3054  6.71E-22  6.71E-22
3054.5  7.41E-22  7.41E-22
3055  8.12E-22  8.12E-22
3055.5  7.23E-22  7.23E-22
3056  6.34E-22  6.34E-22
3056.5  5.45E-22  5.45E-22
3057  4.57E-22  4.57E-22
3057.5  3.68E-22  3.68E-22
3058  2.79E-22  2.79E-22
3058.5  1.90E-22  1.90E-22
3059  1.02E-22  1.02E-22
3059.5  1.30E-23  1.30E-23
3060  -7.57E-23  -7.57E-23
3060.5  -6.91E-23  -6.91E-23
3061  -6.25E-23  -6.25E-23
3061.5  -5.59E-23  -5.59E-23
3062  -4.93E-23  -4.93E-23
3062.5  -4.27E-23  -4.27E-23
3063  -3.61E-23  -3.61E-23
3063.5  -2.95E-23  -2.95E-23
3064  -2.29E-23  -2.29E-23
3064.5  -1.63E-23  -1.63E-23
3065  -9.74E-24  -9.74E-24
3065.5  7.64E-24  7.64E-24
3066  2.50E-23  2.50E-23
3066.5  4.24E-23  4.24E-23
3067  5.98E-23  5.98E-23
3067.5  7.72E-23  7.72E-23
3068  9.46E-23  9.46E-23
3068.5  1.12E-22  1.12E-22
3069  1.29E-22  1.29E-22
3069.5  1.47E-22  1.47E-22
3070  1.64E-22  1.64E-22
3070.5  1.93E-22  1.93E-22
3071  2.21E-22  2.21E-22
3071.5  2.49E-22  2.49E-22
3072  2.78E-22  2.78E-22
3072.5  3.06E-22  3.06E-22
3073  3.35E-22  3.35E-22
3073.5  3.63E-22  3.63E-22
3074  3.92E-22  3.92E-22
3074.5  4.20E-22  4.20E-22
3075  4.49E-22  4.49E-22
3075.5  3.47E-22  3.47E-22
3076  2.46E-22  2.46E-22
3076.5  1.44E-22  1.44E-22
3077  4.26E-23  4.26E-23
3077.5  -5.89E-23  -5.89E-23
3078  -1.60E-22  -1.60E-22
3078.5  -2.62E-22  -2.62E-22
3079  -3.63E-22  -3.63E-22
3079.5  -4.65E-22  -4.65E-22
3080  -5.66E-22  -5.66E-22
3080.5  -6.20E-22  -6.20E-22
3081  -6.73E-22  -6.73E-22
3081.5  -7.26E-22  -7.26E-22
3082  -7.79E-22  -7.79E-22
3082.5  -8.32E-22  -8.32E-22
3083  -8.86E-22  -8.86E-22
3083.5  -9.39E-22  -9.39E-22
3084  -9.92E-22  -9.92E-22
3084.5  -1.05E-21  -1.05E-21
3085  -1.10E-21  -1.10E-21
3085.5  -9.83E-22  -9.83E-22
3086  -8.67E-22  -8.67E-22
3086.5  -7.52E-22  -7.52E-22
3087  -6.36E-22  -6.36E-22
3087.5  -5.21E-22  -5.21E-22
3088  -4.06E-22  -4.06E-22
3088.5  -2.90E-22  -2.90E-22
3089  -1.75E-22  -1.75E-22
3089.5  -5.92E-23  -5.92E-23
3090  5.63E-23  5.63E-23
3090.5  -5.75E-23  -5.75E-23
3091  -1.71E-22  -1.71E-22
3091.5  -2.85E-22  -2.85E-22
3092  -3.99E-22  -3.99E-22
3092.5  -5.12E-22  -5.12E-22
3093  -6.26E-22  -6.26E-22
3093.5  -7.40E-22  -7.40E-22
3094  -8.54E-22  -8.54E-22
3094.5  -9.67E-22  -9.67E-22
3095  -1.08E-21  -1.08E-21
3095.5  -1.10E-21  -1.10E-21
3096  -1.12E-21  -1.12E-21
3096.5  -1.14E-21  -1.14E-21
3097  -1.17E-21  -1.17E-21
3097.5  -1.19E-21  -1.19E-21
3098  -1.21E-21  -1.21E-21
3098.5  -1.23E-21  -1.23E-21
3099  -1.25E-21  -1.25E-21
3099.5  -1.27E-21  -1.27E-21
3100  -1.29E-21  -1.29E-21
3100.5  -1.24E-21  -1.24E-21
3101  -1.19E-21  -1.19E-21
3101.5  -1.14E-21  -1.14E-21
3102  -1.09E-21  -1.09E-21
3102.5  -1.04E-21  -1.04E-21
3103  -9.90E-22  -9.90E-22
3103.5  -9.40E-22  -9.40E-22
3104  -8.89E-22  -8.89E-22
3104.5  -8.38E-22  -8.38E-22
3105  -7.88E-22  -7.88E-22
3105.5  -7.81E-22  -7.81E-22
3106  -7.75E-22  -7.75E-22
3106.5  -7.68E-22  -7.68E-22
3107  -7.61E-22  -7.61E-22
3107.5  -7.55E-22  -7.55E-22
3108  -7.48E-22  -7.48E-22
3108.5  -7.41E-22  -7.41E-22
3109  -7.35E-22  -7.35E-22
3109.5  -7.28E-22  -7.28E-22
3110  -7.21E-22  -7.21E-22
3110.5  -6.81E-22  -6.81E-22
3111  -6.41E-22  -6.41E-22
3111.5  -6.01E-22  -6.01E-22
3112  -5.61E-22  -5.61E-22
3112.5  -5.21E-22  -5.21E-22
3113  -4.81E-22  -4.81E-22
3113.5  -4.41E-22  -4.41E-22
3114  -4.01E-22  -4.01E-22
3114.5  -3.61E-22  -3.61E-22
3115  -3.21E-22  -3.21E-22
3115.5  -2.69E-22  -2.69E-22
3116  -2.18E-22  -2.18E-22
3116.5  -1.66E-22  -1.66E-22
3117  -1.14E-22  -1.14E-22
3117.5  -6.23E-23  -6.23E-23
3118  -1.06E-23  -1.06E-23
3118.5  4.12E-23  4.12E-23
3119  9.29E-23  9.29E-23
3119.5  1.45E-22  1.45E-22
3120  1.96E-22  1.96E-22
3120.5  1.87E-22  1.87E-22
3121  1.77E-22  1.77E-22
3121.5  1.67E-22  1.67E-22
3122  1.57E-22  1.57E-22
3122.5  1.47E-22  1.47E-22
3123  1.37E-22  1.37E-22
3123.5  1.27E-22  1.27E-22
3124  1.18E-22  1.18E-22
3124.5  1.08E-22  1.08E-22
3125  9.78E-23  9.78E-23
3125.5  2.52E-22  2.52E-22
3126  4.06E-22  4.06E-22
3126.5  5.60E-22  5.60E-22
3127  7.15E-22  7.15E-22
3127.5  8.69E-22  8.69E-22
3128  1.02E-21  1.02E-21
3128.5  1.18E-21  1.18E-21
3129  1.33E-21  1.33E-21
3129.5  1.49E-21  1.49E-21
3130  1.64E-21  1.64E-21
3130.5  1.61E-21  1.61E-21
3131  1.59E-21  1.59E-21
3131.5  1.56E-21  1.56E-21
3132  1.53E-21  1.53E-21
3132.5  1.51E-21  1.51E-21
3133  1.48E-21  1.48E-21
3133.5  1.46E-21  1.46E-21
3134  1.43E-21  1.43E-21
3134.5  1.40E-21  1.40E-21
3135  1.38E-21  1.38E-21
3135.5  1.36E-21  1.36E-21
3136  1.34E-21  1.34E-21
3136.5  1.31E-21  1.31E-21
3137  1.29E-21  1.29E-21
3137.5  1.27E-21  1.27E-21
3138  1.25E-21  1.25E-21
3138.5  1.23E-21  1.23E-21
3139  1.21E-21  1.21E-21
3139.5  1.19E-21  1.19E-21
3140  1.17E-21  1.17E-21
3140.5  1.18E-21  1.18E-21
3141  1.19E-21  1.19E-21
3141.5  1.21E-21  1.21E-21
3142  1.22E-21  1.22E-21
3142.5  1.24E-21  1.24E-21
3143  1.25E-21  1.25E-21
3143.5  1.26E-21  1.26E-21
3144  1.28E-21  1.28E-21
3144.5  1.29E-21  1.29E-21
3145  1.30E-21  1.30E-21
3145.5  1.24E-21  1.24E-21
3146  1.17E-21  1.17E-21
3146.5  1.10E-21  1.10E-21
3147  1.03E-21  1.03E-21
3147.5  9.68E-22  9.68E-22
3148  9.01E-22  9.01E-22
3148.5  8.33E-22  8.33E-22
3149  7.66E-22  7.66E-22
3149.5  6.99E-22  6.99E-22
3150  6.32E-22  6.32E-22
3150.5  6.34E-22  6.34E-22
3151  6.36E-22  6.36E-22
3151.5  6.37E-22  6.37E-22
3152  6.39E-22  6.39E-22
3152.5  6.41E-22  6.41E-22
3153  6.42E-22  6.42E-22
3153.5  6.44E-22  6.44E-22
3154  6.46E-22  6.46E-22
3154.5  6.47E-22  6.47E-22
3155  6.49E-22  6.49E-22
3155.5  6.62E-22  6.62E-22
3156  6.76E-22  6.76E-22
3156.5  6.89E-22  6.89E-22
3157  7.02E-22  7.02E-22
3157.5  7.16E-22  7.16E-22
3158  7.29E-22  7.29E-22
3158.5  7.43E-22  7.43E-22
3159  7.56E-22  7.56E-22
3159.5  7.69E-22  7.69E-22
3160  7.83E-22  7.83E-22
3160.5  8.02E-22  8.02E-22
3161  8.21E-22  8.21E-22
3161.5  8.41E-22  8.41E-22
3162  8.60E-22  8.60E-22
3162.5  8.79E-22  8.79E-22
3163  8.98E-22  8.98E-22
3163.5  9.18E-22  9.18E-22
3164  9.37E-22  9.37E-22
3164.5  9.56E-22  9.56E-22
3165  9.76E-22  9.76E-22
3165.5  9.66E-22  9.66E-22
3166  9.56E-22  9.56E-22
3166.5  9.46E-22  9.46E-22
3167  9.36E-22  9.36E-22
3167.5  9.26E-22  9.26E-22
3168  9.16E-22  9.16E-22
3168.5  9.06E-22  9.06E-22
3169  8.96E-22  8.96E-22
3169.5  8.86E-22  8.86E-22
3170  8.76E-22  8.76E-22
3170.5  9.43E-22  9.43E-22
3171  1.01E-21  1.01E-21
3171.5  1.08E-21  1.08E-21
3172  1.14E-21  1.14E-21
3172.5  1.21E-21  1.21E-21
3173  1.28E-21  1.28E-21
3173.5  1.34E-21  1.34E-21
3174  1.41E-21  1.41E-21
3174.5  1.48E-21  1.48E-21
3175  1.54E-21  1.54E-21
3175.5  1.50E-21  1.50E-21
3176  1.47E-21  1.47E-21
3176.5  1.43E-21  1.43E-21
3177  1.39E-21  1.39E-21
3177.5  1.35E-21  1.35E-21
3178  1.31E-21  1.31E-21
3178.5  1.27E-21  1.27E-21
3179  1.23E-21  1.23E-21
3179.5  1.19E-21  1.19E-21
3180  1.15E-21  1.15E-21
3180.5  1.09E-21  1.09E-21
3181  1.04E-21  1.04E-21
3181.5  9.79E-22  9.79E-22
3182  9.21E-22  9.21E-22
3182.5  8.64E-22  8.64E-22
3183  8.06E-22  8.06E-22
3183.5  7.49E-22  7.49E-22
3184  6.91E-22  6.91E-22
3184.5  6.33E-22  6.33E-22
3185  5.76E-22  5.76E-22
3185.5  5.41E-22  5.41E-22
3186  5.07E-22  5.07E-22
3186.5  4.73E-22  4.73E-22
3187  4.39E-22  4.39E-22
3187.5  4.04E-22  4.04E-22
3188  3.70E-22  3.70E-22
3188.5  3.36E-22  3.36E-22
3189  3.01E-22  3.01E-22
3189.5  2.67E-22  2.67E-22
3190  2.33E-22  2.33E-22
3190.5  2.65E-22  2.65E-22
3191  2.96E-22  2.96E-22
3191.5  3.28E-22  3.28E-22
3192  3.60E-22  3.60E-22
3192.5  3.91E-22  3.91E-22
3193  4.23E-22  4.23E-22
3193.5  4.55E-22  4.55E-22
3194  4.86E-22  4.86E-22
3194.5  5.18E-22  5.18E-22
3195  5.50E-22  5.50E-22
3195.5  6.81E-22  6.81E-22
3196  8.13E-22  8.13E-22
3196.5  9.44E-22  9.44E-22
3197  1.08E-21  1.08E-21
3197.5  1.21E-21  1.21E-21
3198  1.34E-21  1.34E-21
3198.5  1.47E-21  1.47E-21
3199  1.60E-21  1.60E-21
3199.5  1.73E-21  1.73E-21
3200  0.00E+00  0.00E+00
3200.5  0.00E+00  0.00E+00
3201  0.00E+00  0.00E+00
3201.5  0.00E+00  0.00E+00
3202  0.00E+00  0.00E+00
3202.5  0.00E+00  0.00E+00
3203  0.00E+00  0.00E+00
3203.5  0.00E+00  0.00E+00
3204  0.00E+00  0.00E+00
3204.5  0.00E+00  0.00E+00
3205  0.00E+00  0.00E+00
3205.5  0.00E+00  0.00E+00
3206  0.00E+00  0.00E+00
3206.5  0.00E+00  0.00E+00
3207  0.00E+00  0.00E+00
3207.5  0.00E+00  0.00E+00
3208  0.00E+00  0.00E+00
3208.5  0.00E+00  0.00E+00
3209  0.00E+00  0.00E+00
3209.5  0.00E+00  0.00E+00
3210  0.00E+00  0.00E+00
3210.5  0.00E+00  0.00E+00
3211  0.00E+00  0.00E+00
3211.5  0.00E+00  0.00E+00
3212  0.00E+00  0.00E+00
3212.5  0.00E+00  0.00E+00
3213  0.00E+00  0.00E+00
3213.5  0.00E+00  0.00E+00
3214  0.00E+00  0.00E+00
3214.5  0.00E+00  0.00E+00
3215  0.00E+00  0.00E+00
3215.5  0.00E+00  0.00E+00
3216  0.00E+00  0.00E+00
3216.5  0.00E+00  0.00E+00
3217  0.00E+00  0.00E+00
3217.5  0.00E+00  0.00E+00
3218  0.00E+00  0.00E+00
3218.5  0.00E+00  0.00E+00
3219  0.00E+00  0.00E+00
3219.5  0.00E+00  0.00E+00
3220  0.00E+00  0.00E+00
3220.5  0.00E+00  0.00E+00
3221  0.00E+00  0.00E+00
3221.5  0.00E+00  0.00E+00
3222  0.00E+00  0.00E+00
3222.5  0.00E+00  0.00E+00
3223  0.00E+00  0.00E+00
3223.5  0.00E+00  0.00E+00
3224  0.00E+00  0.00E+00
3224.5  0.00E+00  0.00E+00
3225  0.00E+00  0.00E+00
3225.5  0.00E+00  0.00E+00
3226  0.00E+00  0.00E+00
3226.5  0.00E+00  0.00E+00
3227  0.00E+00  0.00E+00
3227.5  0.00E+00  0.00E+00
3228  0.00E+00  0.00E+00
3228.5  0.00E+00  0.00E+00
3229  0.00E+00  0.00E+00
3229.5  0.00E+00  0.00E+00
3230  0.00E+00  0.00E+00
3230.5  0.00E+00  0.00E+00
3231  0.00E+00  0.00E+00
3231.5  0.00E+00  0.00E+00
3232  0.00E+00  0.00E+00
3232.5  0.00E+00  0.00E+00
3233  0.00E+00  0.00E+00
3233.5  0.00E+00  0.00E+00
3234  0.00E+00  0.00E+00
3234.5  0.00E+00  0.00E+00
3235  0.00E+00  0.00E+00
3235.5  0.00E+00  0.00E+00
3236  0.00E+00  0.00E+00
3236.5  0.00E+00  0.00E+00
3237  0.00E+00  0.00E+00
3237.5  0.00E+00  0.00E+00
3238  0.00E+00  0.00E+00
3238.5  0.00E+00  0.00E+00
3239  0.00E+00  0.00E+00
3239.5  0.00E+00  0.00E+00
3240  0.00E+00  0.00E+00
3240.5  0.00E+00  0.00E+00
3241  0.00E+00  0.00E+00
3241.5  0.00E+00  0.00E+00
3242  0.00E+00  0.00E+00
3242.5  0.00E+00  0.00E+00
3243  0.00E+00  0.00E+00
3243.5  0.00E+00  0.00E+00
3244  0.00E+00  0.00E+00
3244.5  0.00E+00  0.00E+00
3245  0.00E+00  0.00E+00
3245.5  0.00E+00  0.00E+00
3246  0.00E+00  0.00E+00
3246.5  0.00E+00  0.00E+00
3247  0.00E+00  0.00E+00
3247.5  0.00E+00  0.00E+00
3248  0.00E+00  0.00E+00
3248.5  0.00E+00  0.00E+00
3249  0.00E+00  0.00E+00
3249.5  0.00E+00  0.00E+00
3250  0.00E+00  0.00E+00
3250.5  0.00E+00  0.00E+00
3251  0.00E+00  0.00E+00
3251.5  0.00E+00  0.00E+00
3252  0.00E+00  0.00E+00
3252.5  0.00E+00  0.00E+00
3253  0.00E+00  0.00E+00
3253.5  0.00E+00  0.00E+00
3254  0.00E+00  0.00E+00
3254.5  0.00E+00  0.00E+00
3255  0.00E+00  0.00E+00
3255.5  0.00E+00  0.00E+00
3256  0.00E+00  0.00E+00
3256.5  0.00E+00  0.00E+00
3257  0.00E+00  0.00E+00
3257.5  0.00E+00  0.00E+00
3258  0.00E+00  0.00E+00
3258.5  0.00E+00  0.00E+00
3259  0.00E+00  0.00E+00
3259.5  0.00E+00  0.00E+00
3260  0.00E+00  0.00E+00
3260.5  0.00E+00  0.00E+00
3261  0.00E+00  0.00E+00
3261.5  0.00E+00  0.00E+00
3262  0.00E+00  0.00E+00
3262.5  0.00E+00  0.00E+00
3263  0.00E+00  0.00E+00
3263.5  0.00E+00  0.00E+00
3264  0.00E+00  0.00E+00
3264.5  0.00E+00  0.00E+00
3265  0.00E+00  0.00E+00
3265.5  0.00E+00  0.00E+00
3266  0.00E+00  0.00E+00
3266.5  0.00E+00  0.00E+00
3267  0.00E+00  0.00E+00
3267.5  0.00E+00  0.00E+00
3268  0.00E+00  0.00E+00
3268.5  0.00E+00  0.00E+00
3269  0.00E+00  0.00E+00
3269.5  0.00E+00  0.00E+00
3270  0.00E+00  0.00E+00
3270.5  0.00E+00  0.00E+00
3271  0.00E+00  0.00E+00
3271.5  0.00E+00  0.00E+00
3272  0.00E+00  0.00E+00
3272.5  0.00E+00  0.00E+00
3273  0.00E+00  0.00E+00
3273.5  0.00E+00  0.00E+00
3274  0.00E+00  0.00E+00
3274.5  0.00E+00  0.00E+00
3275  0.00E+00  0.00E+00
3275.5  0.00E+00  0.00E+00
3276  0.00E+00  0.00E+00
3276.5  0.00E+00  0.00E+00
3277  0.00E+00  0.00E+00
3277.5  0.00E+00  0.00E+00
3278  0.00E+00  0.00E+00
3278.5  0.00E+00  0.00E+00
3279  0.00E+00  0.00E+00
3279.5  0.00E+00  0.00E+00
3280  0.00E+00  0.00E+00
3280.5  0.00E+00  0.00E+00
3281  0.00E+00  0.00E+00
3281.5  0.00E+00  0.00E+00
3282  0.00E+00  0.00E+00
3282.5  0.00E+00  0.00E+00
3283  0.00E+00  0.00E+00
3283.5  0.00E+00  0.00E+00
3284  0.00E+00  0.00E+00
3284.5  0.00E+00  0.00E+00
3285  0.00E+00  0.00E+00
3285.5  0.00E+00  0.00E+00
3286  0.00E+00  0.00E+00
3286.5  0.00E+00  0.00E+00
3287  0.00E+00  0.00E+00
3287.5  0.00E+00  0.00E+00
3288  0.00E+00  0.00E+00
3288.5  0.00E+00  0.00E+00
3289  0.00E+00  0.00E+00
3289.5  0.00E+00  0.00E+00
3290  0.00E+00  0.00E+00
3290.5  0.00E+00  0.00E+00
3291  0.00E+00  0.00E+00
3291.5  0.00E+00  0.00E+00
3292  0.00E+00  0.00E+00
3292.5  0.00E+00  0.00E+00
3293  0.00E+00  0.00E+00
3293.5  0.00E+00  0.00E+00
3294  0.00E+00  0.00E+00
3294.5  0.00E+00  0.00E+00
3295  0.00E+00  0.00E+00
3295.5  0.00E+00  0.00E+00
3296  0.00E+00  0.00E+00
3296.5  0.00E+00  0.00E+00
3297  0.00E+00  0.00E+00
3297.5  0.00E+00  0.00E+00
3298  0.00E+00  0.00E+00
3298.5  0.00E+00  0.00E+00
3299  0.00E+00  0.00E+00
3299.5  0.00E+00  0.00E+00
3300  0.00E+00  0.00E+00
3300.5  0.00E+00  0.00E+00
3301  0.00E+00  0.00E+00
3301.5  0.00E+00  0.00E+00
3302  0.00E+00  0.00E+00
3302.5  0.00E+00  0.00E+00
3303  0.00E+00  0.00E+00
3303.5  0.00E+00  0.00E+00
3304  0.00E+00  0.00E+00
3304.5  0.00E+00  0.00E+00
3305  0.00E+00  0.00E+00
3305.5  0.00E+00  0.00E+00
3306  0.00E+00  0.00E+00
3306.5  0.00E+00  0.00E+00
3307  0.00E+00  0.00E+00
3307.5  0.00E+00  0.00E+00
3308  0.00E+00  0.00E+00
3308.5  0.00E+00  0.00E+00
3309  0.00E+00  0.00E+00
3309.5  0.00E+00  0.00E+00
3310  0.00E+00  0.00E+00
3310.5  0.00E+00  0.00E+00
3311  0.00E+00  0.00E+00
3311.5  0.00E+00  0.00E+00
3312  0.00E+00  0.00E+00
3312.5  0.00E+00  0.00E+00
3313  0.00E+00  0.00E+00
3313.5  0.00E+00  0.00E+00
3314  0.00E+00  0.00E+00
3314.5  0.00E+00  0.00E+00
3315  0.00E+00  0.00E+00
3315.5  0.00E+00  0.00E+00
3316  0.00E+00  0.00E+00
3316.5  0.00E+00  0.00E+00
3317  0.00E+00  0.00E+00
3317.5  0.00E+00  0.00E+00
3318  0.00E+00  0.00E+00
3318.5  0.00E+00  0.00E+00
3319  0.00E+00  0.00E+00
3319.5  0.00E+00  0.00E+00
3320  0.00E+00  0.00E+00
3320.5  0.00E+00  0.00E+00
3321  0.00E+00  0.00E+00
3321.5  0.00E+00  0.00E+00
3322  0.00E+00  0.00E+00
3322.5  0.00E+00  0.00E+00
3323  0.00E+00  0.00E+00
3323.5  0.00E+00  0.00E+00
3324  0.00E+00  0.00E+00
3324.5  0.00E+00  0.00E+00
3325  0.00E+00  0.00E+00
3325.5  0.00E+00  0.00E+00
3326  0.00E+00  0.00E+00
3326.5  0.00E+00  0.00E+00
3327  0.00E+00  0.00E+00
3327.5  0.00E+00  0.00E+00
3328  0.00E+00  0.00E+00
3328.5  0.00E+00  0.00E+00
3329  0.00E+00  0.00E+00
3329.5  0.00E+00  0.00E+00
3330  0.00E+00  0.00E+00
3330.5  0.00E+00  0.00E+00
3331  0.00E+00  0.00E+00
3331.5  0.00E+00  0.00E+00
3332  0.00E+00  0.00E+00
3332.5  0.00E+00  0.00E+00
3333  0.00E+00  0.00E+00
3333.5  0.00E+00  0.00E+00
3334  0.00E+00  0.00E+00
3334.5  0.00E+00  0.00E+00
3335  0.00E+00  0.00E+00
3335.5  0.00E+00  0.00E+00
3336  0.00E+00  0.00E+00
3336.5  0.00E+00  0.00E+00
3337  0.00E+00  0.00E+00
3337.5  0.00E+00  0.00E+00
3338  0.00E+00  0.00E+00
3338.5  0.00E+00  0.00E+00
3339  0.00E+00  0.00E+00
3339.5  0.00E+00  0.00E+00
3340  0.00E+00  0.00E+00
3340.5  0.00E+00  0.00E+00
3341  0.00E+00  0.00E+00
3341.5  0.00E+00  0.00E+00
3342  0.00E+00  0.00E+00
3342.5  0.00E+00  0.00E+00
3343  0.00E+00  0.00E+00
3343.5  0.00E+00  0.00E+00
3344  0.00E+00  0.00E+00
3344.5  0.00E+00  0.00E+00
3345  0.00E+00  0.00E+00
3345.5  0.00E+00  0.00E+00
3346  0.00E+00  0.00E+00
3346.5  0.00E+00  0.00E+00
3347  0.00E+00  0.00E+00
3347.5  0.00E+00  0.00E+00
3348  0.00E+00  0.00E+00
3348.5  0.00E+00  0.00E+00
3349  0.00E+00  0.00E+00
3349.5  0.00E+00  0.00E+00
3350  0.00E+00  0.00E+00
3350.5  0.00E+00  0.00E+00
3351  0.00E+00  0.00E+00
3351.5  0.00E+00  0.00E+00
3352  0.00E+00  0.00E+00
3352.5  0.00E+00  0.00E+00
3353  0.00E+00  0.00E+00
3353.5  0.00E+00  0.00E+00
3354  0.00E+00  0.00E+00
3354.5  0.00E+00  0.00E+00
3355  0.00E+00  0.00E+00
3355.5  0.00E+00  0.00E+00
3356  0.00E+00  0.00E+00
3356.5  0.00E+00  0.00E+00
3357  0.00E+00  0.00E+00
3357.5  0.00E+00  0.00E+00
3358  0.00E+00  0.00E+00
3358.5  0.00E+00  0.00E+00
3359  0.00E+00  0.00E+00
3359.5  0.00E+00  0.00E+00
3360  0.00E+00  0.00E+00
3360.5  0.00E+00  0.00E+00
3361  0.00E+00  0.00E+00
3361.5  0.00E+00  0.00E+00
3362  0.00E+00  0.00E+00
3362.5  0.00E+00  0.00E+00
3363  0.00E+00  0.00E+00
3363.5  0.00E+00  0.00E+00
3364  0.00E+00  0.00E+00
3364.5  0.00E+00  0.00E+00
3365  0.00E+00  0.00E+00
3365.5  0.00E+00  0.00E+00
3366  0.00E+00  0.00E+00
3366.5  0.00E+00  0.00E+00
3367  0.00E+00  0.00E+00
3367.5  0.00E+00  0.00E+00
3368  0.00E+00  0.00E+00
3368.5  0.00E+00  0.00E+00
3369  0.00E+00  0.00E+00
3369.5  0.00E+00  0.00E+00
3370  0.00E+00  0.00E+00
3370.5  0.00E+00  0.00E+00
3371  0.00E+00  0.00E+00
3371.5  0.00E+00  0.00E+00
3372  0.00E+00  0.00E+00
3372.5  0.00E+00  0.00E+00
3373  0.00E+00  0.00E+00
3373.5  0.00E+00  0.00E+00
3374  0.00E+00  0.00E+00
3374.5  0.00E+00  0.00E+00
3375  0.00E+00  0.00E+00
3375.5  0.00E+00  0.00E+00
3376  0.00E+00  0.00E+00
3376.5  0.00E+00  0.00E+00
3377  0.00E+00  0.00E+00
3377.5  0.00E+00  0.00E+00
3378  0.00E+00  0.00E+00
3378.5  0.00E+00  0.00E+00
3379  0.00E+00  0.00E+00
3379.5  0.00E+00  0.00E+00
3380  0.00E+00  0.00E+00
3380.5  0.00E+00  0.00E+00
3381  0.00E+00  0.00E+00
3381.5  0.00E+00  0.00E+00
3382  0.00E+00  0.00E+00
3382.5  0.00E+00  0.00E+00
3383  0.00E+00  0.00E+00
3383.5  0.00E+00  0.00E+00
3384  0.00E+00  0.00E+00
3384.5  0.00E+00  0.00E+00
3385  0.00E+00  0.00E+00
3385.5  0.00E+00  0.00E+00
3386  0.00E+00  0.00E+00
3386.5  0.00E+00  0.00E+00
3387  0.00E+00  0.00E+00
3387.5  0.00E+00  0.00E+00
3388  0.00E+00  0.00E+00
3388.5  0.00E+00  0.00E+00
3389  0.00E+00  0.00E+00
3389.5  0.00E+00  0.00E+00
3390  0.00E+00  0.00E+00
3390.5  0.00E+00  0.00E+00
3391  0.00E+00  0.00E+00
3391.5  0.00E+00  0.00E+00
3392  0.00E+00  0.00E+00
3392.5  0.00E+00  0.00E+00
3393  0.00E+00  0.00E+00
3393.5  0.00E+00  0.00E+00
3394  0.00E+00  0.00E+00
3394.5  0.00E+00  0.00E+00
3395  0.00E+00  0.00E+00
3395.5  0.00E+00  0.00E+00
3396  0.00E+00  0.00E+00
3396.5  0.00E+00  0.00E+00
3397  0.00E+00  0.00E+00
3397.5  0.00E+00  0.00E+00
3398  0.00E+00  0.00E+00
3398.5  0.00E+00  0.00E+00
3399  0.00E+00  0.00E+00
3399.5  0.00E+00  0.00E+00
3400  0.00E+00  0.00E+00
3400.5  0.00E+00  0.00E+00
3401  0.00E+00  0.00E+00
3401.5  0.00E+00  0.00E+00
3402  0.00E+00  0.00E+00
3402.5  0.00E+00  0.00E+00
3403  0.00E+00  0.00E+00
3403.5  0.00E+00  0.00E+00
3404  0.00E+00  0.00E+00
3404.5  0.00E+00  0.00E+00
3405  0.00E+00  0.00E+00
3405.5  0.00E+00  0.00E+00
3406  0.00E+00  0.00E+00
3406.5  0.00E+00  0.00E+00
3407  0.00E+00  0.00E+00
3407.5  0.00E+00  0.00E+00
3408  0.00E+00  0.00E+00
3408.5  0.00E+00  0.00E+00
3409  0.00E+00  0.00E+00
3409.5  0.00E+00  0.00E+00
3410  0.00E+00  0.00E+00
3410.5  0.00E+00  0.00E+00
3411  0.00E+00  0.00E+00
3411.5  0.00E+00  0.00E+00
3412  0.00E+00  0.00E+00
3412.5  0.00E+00  0.00E+00
3413  0.00E+00  0.00E+00
3413.5  0.00E+00  0.00E+00
3414  0.00E+00  0.00E+00
3414.5  0.00E+00  0.00E+00
3415  0.00E+00  0.00E+00
3415.5  0.00E+00  0.00E+00
3416  0.00E+00  0.00E+00
3416.5  0.00E+00  0.00E+00
3417  0.00E+00  0.00E+00
3417.5  0.00E+00  0.00E+00
3418  0.00E+00  0.00E+00
3418.5  0.00E+00  0.00E+00
3419  0.00E+00  0.00E+00
3419.5  0.00E+00  0.00E+00
3420  0.00E+00  0.00E+00
3420.5  0.00E+00  0.00E+00
3421  0.00E+00  0.00E+00
3421.5  0.00E+00  0.00E+00
3422  0.00E+00  0.00E+00
3422.5  0.00E+00  0.00E+00
3423  0.00E+00  0.00E+00
3423.5  0.00E+00  0.00E+00
3424  0.00E+00  0.00E+00
3424.5  0.00E+00  0.00E+00
3425  0.00E+00  0.00E+00
3425.5  0.00E+00  0.00E+00
3426  0.00E+00  0.00E+00
3426.5  0.00E+00  0.00E+00
3427  0.00E+00  0.00E+00
3427.5  0.00E+00  0.00E+00
3428  0.00E+00  0.00E+00
3428.5  0.00E+00  0.00E+00
3429  0.00E+00  0.00E+00
3429.5  0.00E+00  0.00E+00
3430  0.00E+00  0.00E+00
3430.5  0.00E+00  0.00E+00
3431  0.00E+00  0.00E+00
3431.5  0.00E+00  0.00E+00
3432  0.00E+00  0.00E+00
3432.5  0.00E+00  0.00E+00
3433  0.00E+00  0.00E+00
3433.5  0.00E+00  0.00E+00
3434  0.00E+00  0.00E+00
3434.5  0.00E+00  0.00E+00
3435  0.00E+00  0.00E+00
3435.5  0.00E+00  0.00E+00
3436  0.00E+00  0.00E+00
3436.5  0.00E+00  0.00E+00
3437  0.00E+00  0.00E+00
3437.5  0.00E+00  0.00E+00
3438  0.00E+00  0.00E+00
3438.5  0.00E+00  0.00E+00
3439  0.00E+00  0.00E+00
3439.5  0.00E+00  0.00E+00
3440  0.00E+00  0.00E+00
3440.5  0.00E+00  0.00E+00
3441  0.00E+00  0.00E+00
3441.5  0.00E+00  0.00E+00
3442  0.00E+00  0.00E+00
3442.5  0.00E+00  0.00E+00
3443  0.00E+00  0.00E+00
3443.5  0.00E+00  0.00E+00
3444  0.00E+00  0.00E+00
3444.5  0.00E+00  0.00E+00
3445  0.00E+00  0.00E+00
3445.5  0.00E+00  0.00E+00
3446  0.00E+00  0.00E+00
3446.5  0.00E+00  0.00E+00
3447  0.00E+00  0.00E+00
3447.5  0.00E+00  0.00E+00
3448  0.00E+00  0.00E+00
3448.5  0.00E+00  0.00E+00
3449  0.00E+00  0.00E+00
3449.5  0.00E+00  0.00E+00
3450  0.00E+00  0.00E+00
3450.5  0.00E+00  0.00E+00
3451  0.00E+00  0.00E+00
3451.5  0.00E+00  0.00E+00
3452  0.00E+00  0.00E+00
3452.5  0.00E+00  0.00E+00
3453  0.00E+00  0.00E+00
3453.5  0.00E+00  0.00E+00
3454  0.00E+00  0.00E+00
3454.5  0.00E+00  0.00E+00
3455  0.00E+00  0.00E+00
3455.5  0.00E+00  0.00E+00
3456  0.00E+00  0.00E+00
3456.5  0.00E+00  0.00E+00
3457  0.00E+00  0.00E+00
3457.5  0.00E+00  0.00E+00
3458  0.00E+00  0.00E+00
3458.5  0.00E+00  0.00E+00
3459  0.00E+00  0.00E+00
3459.5  0.00E+00  0.00E+00
3460  0.00E+00  0.00E+00
3460.5  0.00E+00  0.00E+00
3461  0.00E+00  0.00E+00
3461.5  0.00E+00  0.00E+00
3462  0.00E+00  0.00E+00
3462.5  0.00E+00  0.00E+00
3463  0.00E+00  0.00E+00
3463.5  0.00E+00  0.00E+00
3464  0.00E+00  0.00E+00
3464.5  0.00E+00  0.00E+00
3465  0.00E+00  0.00E+00
3465.5  0.00E+00  0.00E+00
3466  0.00E+00  0.00E+00
3466.5  0.00E+00  0.00E+00
3467  0.00E+00  0.00E+00
3467.5  0.00E+00  0.00E+00
3468  0.00E+00  0.00E+00
3468.5  0.00E+00  0.00E+00
3469  0.00E+00  0.00E+00
3469.5  0.00E+00  0.00E+00
3470  0.00E+00  0.00E+00
3470.5  0.00E+00  0.00E+00
3471  0.00E+00  0.00E+00
3471.5  0.00E+00  0.00E+00
3472  0.00E+00  0.00E+00
3472.5  0.00E+00  0.00E+00
3473  0.00E+00  0.00E+00
3473.5  0.00E+00  0.00E+00
3474  0.00E+00  0.00E+00
3474.5  0.00E+00  0.00E+00
3475  0.00E+00  0.00E+00
3475.5  0.00E+00  0.00E+00
3476  0.00E+00  0.00E+00
3476.5  0.00E+00  0.00E+00
3477  0.00E+00  0.00E+00
3477.5  0.00E+00  0.00E+00
3478  0.00E+00  0.00E+00
3478.5  0.00E+00  0.00E+00
3479  0.00E+00  0.00E+00
3479.5  0.00E+00  0.00E+00
3480  0.00E+00  0.00E+00
3480.5  0.00E+00  0.00E+00
3481  0.00E+00  0.00E+00
3481.5  0.00E+00  0.00E+00
3482  0.00E+00  0.00E+00
3482.5  0.00E+00  0.00E+00
3483  0.00E+00  0.00E+00
3483.5  0.00E+00  0.00E+00
3484  0.00E+00  0.00E+00
3484.5  0.00E+00  0.00E+00
3485  0.00E+00  0.00E+00
3485.5  0.00E+00  0.00E+00
3486  0.00E+00  0.00E+00
3486.5  0.00E+00  0.00E+00
3487  0.00E+00  0.00E+00
3487.5  0.00E+00  0.00E+00
3488  0.00E+00  0.00E+00
3488.5  0.00E+00  0.00E+00
3489  0.00E+00  0.00E+00
3489.5  0.00E+00  0.00E+00
3490  0.00E+00  0.00E+00
3490.5  0.00E+00  0.00E+00
3491  0.00E+00  0.00E+00
3491.5  0.00E+00  0.00E+00
3492  0.00E+00  0.00E+00
3492.5  0.00E+00  0.00E+00
3493  0.00E+00  0.00E+00
3493.5  0.00E+00  0.00E+00
3494  0.00E+00  0.00E+00
3494.5  0.00E+00  0.00E+00
3495  0.00E+00  0.00E+00
3495.5  0.00E+00  0.00E+00
3496  0.00E+00  0.00E+00
3496.5  0.00E+00  0.00E+00
3497  0.00E+00  0.00E+00
3497.5  0.00E+00  0.00E+00
3498  0.00E+00  0.00E+00
3498.5  0.00E+00  0.00E+00
3499  0.00E+00  0.00E+00
3499.5  0.00E+00  0.00E+00
3500  0.00E+00  0.00E+00
3500.5  0.00E+00  0.00E+00
3501  0.00E+00  0.00E+00
3501.5  0.00E+00  0.00E+00
3502  0.00E+00  0.00E+00
3502.5  0.00E+00  0.00E+00
3503  0.00E+00  0.00E+00
3503.5  0.00E+00  0.00E+00
3504  0.00E+00  0.00E+00
3504.5  0.00E+00  0.00E+00
3505  0.00E+00  0.00E+00
3505.5  0.00E+00  0.00E+00
3506  0.00E+00  0.00E+00
3506.5  0.00E+00  0.00E+00
3507  0.00E+00  0.00E+00
3507.5  0.00E+00  0.00E+00
3508  0.00E+00  0.00E+00
3508.5  0.00E+00  0.00E+00
3509  0.00E+00  0.00E+00
3509.5  0.00E+00  0.00E+00
3510  0.00E+00  0.00E+00
3510.5  0.00E+00  0.00E+00
3511  0.00E+00  0.00E+00
3511.5  0.00E+00  0.00E+00
3512  0.00E+00  0.00E+00
3512.5  0.00E+00  0.00E+00
3513  0.00E+00  0.00E+00
3513.5  0.00E+00  0.00E+00
3514  0.00E+00  0.00E+00
3514.5  0.00E+00  0.00E+00
3515  0.00E+00  0.00E+00
3515.5  0.00E+00  0.00E+00
3516  0.00E+00  0.00E+00
3516.5  0.00E+00  0.00E+00
3517  0.00E+00  0.00E+00
3517.5  0.00E+00  0.00E+00
3518  0.00E+00  0.00E+00
3518.5  0.00E+00  0.00E+00
3519  0.00E+00  0.00E+00
3519.5  0.00E+00  0.00E+00
3520  0.00E+00  0.00E+00
3520.5  0.00E+00  0.00E+00
3521  0.00E+00  0.00E+00
3521.5  0.00E+00  0.00E+00
3522  0.00E+00  0.00E+00
3522.5  0.00E+00  0.00E+00
3523  0.00E+00  0.00E+00
3523.5  0.00E+00  0.00E+00
3524  0.00E+00  0.00E+00
3524.5  0.00E+00  0.00E+00
3525  0.00E+00  0.00E+00
3525.5  0.00E+00  0.00E+00
3526  0.00E+00  0.00E+00
3526.5  0.00E+00  0.00E+00
3527  0.00E+00  0.00E+00
3527.5  0.00E+00  0.00E+00
3528  0.00E+00  0.00E+00
3528.5  0.00E+00  0.00E+00
3529  0.00E+00  0.00E+00
3529.5  0.00E+00  0.00E+00
3530  0.00E+00  0.00E+00
3530.5  0.00E+00  0.00E+00
3531  0.00E+00  0.00E+00
3531.5  0.00E+00  0.00E+00
3532  0.00E+00  0.00E+00
3532.5  0.00E+00  0.00E+00
3533  0.00E+00  0.00E+00
3533.5  0.00E+00  0.00E+00
3534  0.00E+00  0.00E+00
3534.5  0.00E+00  0.00E+00
3535  0.00E+00  0.00E+00
3535.5  0.00E+00  0.00E+00
3536  0.00E+00  0.00E+00
3536.5  0.00E+00  0.00E+00
3537  0.00E+00  0.00E+00
3537.5  0.00E+00  0.00E+00
3538  0.00E+00  0.00E+00
3538.5  0.00E+00  0.00E+00
3539  0.00E+00  0.00E+00
3539.5  0.00E+00  0.00E+00
3540  0.00E+00  0.00E+00
3540.5  0.00E+00  0.00E+00
3541  0.00E+00  0.00E+00
3541.5  0.00E+00  0.00E+00
3542  0.00E+00  0.00E+00
3542.5  0.00E+00  0.00E+00
3543  0.00E+00  0.00E+00
3543.5  0.00E+00  0.00E+00
3544  0.00E+00  0.00E+00
3544.5  0.00E+00  0.00E+00
3545  0.00E+00  0.00E+00
3545.5  0.00E+00  0.00E+00
3546  0.00E+00  0.00E+00
3546.5  0.00E+00  0.00E+00
3547  0.00E+00  0.00E+00
3547.5  0.00E+00  0.00E+00
3548  0.00E+00  0.00E+00
3548.5  0.00E+00  0.00E+00
3549  0.00E+00  0.00E+00
3549.5  0.00E+00  0.00E+00
3550  0.00E+00  0.00E+00
3550.5  0.00E+00  0.00E+00
3551  0.00E+00  0.00E+00
3551.5  0.00E+00  0.00E+00
3552  0.00E+00  0.00E+00
3552.5  0.00E+00  0.00E+00
3553  0.00E+00  0.00E+00
3553.5  0.00E+00  0.00E+00
3554  0.00E+00  0.00E+00
3554.5  0.00E+00  0.00E+00
3555  0.00E+00  0.00E+00
3555.5  0.00E+00  0.00E+00
3556  0.00E+00  0.00E+00
3556.5  0.00E+00  0.00E+00
3557  0.00E+00  0.00E+00
3557.5  0.00E+00  0.00E+00
3558  0.00E+00  0.00E+00
3558.5  0.00E+00  0.00E+00
3559  0.00E+00  0.00E+00
3559.5  0.00E+00  0.00E+00
3560  0.00E+00  0.00E+00
3560.5  0.00E+00  0.00E+00
3561  0.00E+00  0.00E+00
3561.5  0.00E+00  0.00E+00
3562  0.00E+00  0.00E+00
3562.5  0.00E+00  0.00E+00
3563  0.00E+00  0.00E+00
3563.5  0.00E+00  0.00E+00
3564  0.00E+00  0.00E+00
3564.5  0.00E+00  0.00E+00
3565  0.00E+00  0.00E+00
3565.5  0.00E+00  0.00E+00
3566  0.00E+00  0.00E+00
3566.5  0.00E+00  0.00E+00
3567  0.00E+00  0.00E+00
3567.5  0.00E+00  0.00E+00
3568  0.00E+00  0.00E+00
3568.5  0.00E+00  0.00E+00
3569  0.00E+00  0.00E+00
3569.5  0.00E+00  0.00E+00
3570  0.00E+00  0.00E+00
3570.5  0.00E+00  0.00E+00
3571  0.00E+00  0.00E+00
3571.5  0.00E+00  0.00E+00
3572  0.00E+00  0.00E+00
3572.5  0.00E+00  0.00E+00
3573  0.00E+00  0.00E+00
3573.5  0.00E+00  0.00E+00
3574  0.00E+00  0.00E+00
3574.5  0.00E+00  0.00E+00
3575  0.00E+00  0.00E+00
3575.5  0.00E+00  0.00E+00
3576  0.00E+00  0.00E+00
3576.5  0.00E+00  0.00E+00
3577  0.00E+00  0.00E+00
3577.5  0.00E+00  0.00E+00
3578  0.00E+00  0.00E+00
3578.5  0.00E+00  0.00E+00
3579  0.00E+00  0.00E+00
3579.5  0.00E+00  0.00E+00
3580  0.00E+00  0.00E+00
3580.5  0.00E+00  0.00E+00
3581  0.00E+00  0.00E+00
3581.5  0.00E+00  0.00E+00
3582  0.00E+00  0.00E+00
3582.5  0.00E+00  0.00E+00
3583  0.00E+00  0.00E+00
3583.5  0.00E+00  0.00E+00
3584  0.00E+00  0.00E+00
3584.5  0.00E+00  0.00E+00
3585  0.00E+00  0.00E+00
3585.5  0.00E+00  0.00E+00
3586  0.00E+00  0.00E+00
3586.5  0.00E+00  0.00E+00
3587  0.00E+00  0.00E+00
3587.5  0.00E+00  0.00E+00
3588  0.00E+00  0.00E+00
3588.5  0.00E+00  0.00E+00
3589  0.00E+00  0.00E+00
3589.5  0.00E+00  0.00E+00
3590  0.00E+00  0.00E+00
3590.5  0.00E+00  0.00E+00
3591  0.00E+00  0.00E+00
3591.5  0.00E+00  0.00E+00
3592  0.00E+00  0.00E+00
3592.5  0.00E+00  0.00E+00
3593  0.00E+00  0.00E+00
3593.5  0.00E+00  0.00E+00
3594  0.00E+00  0.00E+00
3594.5  0.00E+00  0.00E+00
3595  0.00E+00  0.00E+00
3595.5  0.00E+00  0.00E+00
3596  0.00E+00  0.00E+00
3596.5  0.00E+00  0.00E+00
3597  0.00E+00  0.00E+00
3597.5  0.00E+00  0.00E+00
3598  0.00E+00  0.00E+00
3598.5  0.00E+00  0.00E+00
3599  0.00E+00  0.00E+00
3599.5  0.00E+00  0.00E+00
3600  0.00E+00  0.00E+00
3600.5  0.00E+00  0.00E+00
3601  0.00E+00  0.00E+00
3601.5  0.00E+00  0.00E+00
3602  0.00E+00  0.00E+00
3602.5  0.00E+00  0.00E+00
3603  0.00E+00  0.00E+00
3603.5  0.00E+00  0.00E+00
3604  0.00E+00  0.00E+00
3604.5  0.00E+00  0.00E+00
3605  0.00E+00  0.00E+00
3605.5  0.00E+00  0.00E+00
3606  0.00E+00  0.00E+00
3606.5  0.00E+00  0.00E+00
3607  0.00E+00  0.00E+00
3607.5  0.00E+00  0.00E+00
3608  0.00E+00  0.00E+00
3608.5  0.00E+00  0.00E+00
3609  0.00E+00  0.00E+00
3609.5  0.00E+00  0.00E+00
3610  0.00E+00  0.00E+00
3610.5  0.00E+00  0.00E+00
3611  0.00E+00  0.00E+00
3611.5  0.00E+00  0.00E+00
3612  0.00E+00  0.00E+00
3612.5  0.00E+00  0.00E+00
3613  0.00E+00  0.00E+00
3613.5  0.00E+00  0.00E+00
3614  0.00E+00  0.00E+00
3614.5  0.00E+00  0.00E+00
3615  0.00E+00  0.00E+00
3615.5  0.00E+00  0.00E+00
3616  0.00E+00  0.00E+00
3616.5  0.00E+00  0.00E+00
3617  0.00E+00  0.00E+00
3617.5  0.00E+00  0.00E+00
3618  0.00E+00  0.00E+00
3618.5  0.00E+00  0.00E+00
3619  0.00E+00  0.00E+00
3619.5  0.00E+00  0.00E+00
3620  0.00E+00  0.00E+00
3620.5  0.00E+00  0.00E+00
3621  0.00E+00  0.00E+00
3621.5  0.00E+00  0.00E+00
3622  0.00E+00  0.00E+00
3622.5  0.00E+00  0.00E+00
3623  0.00E+00  0.00E+00
3623.5  0.00E+00  0.00E+00
3624  0.00E+00  0.00E+00
3624.5  0.00E+00  0.00E+00
3625  0.00E+00  0.00E+00
3625.5  0.00E+00  0.00E+00
3626  0.00E+00  0.00E+00
3626.5  0.00E+00  0.00E+00
3627  0.00E+00  0.00E+00
3627.5  0.00E+00  0.00E+00
3628  0.00E+00  0.00E+00
3628.5  0.00E+00  0.00E+00
3629  0.00E+00  0.00E+00
3629.5  0.00E+00  0.00E+00
3630  0.00E+00  0.00E+00
3630.5  0.00E+00  0.00E+00
3631  0.00E+00  0.00E+00
3631.5  0.00E+00  0.00E+00
3632  0.00E+00  0.00E+00
3632.5  0.00E+00  0.00E+00
3633  0.00E+00  0.00E+00
3633.5  0.00E+00  0.00E+00
3634  0.00E+00  0.00E+00
3634.5  0.00E+00  0.00E+00
3635  0.00E+00  0.00E+00
3635.5  0.00E+00  0.00E+00
3636  0.00E+00  0.00E+00
3636.5  0.00E+00  0.00E+00
3637  0.00E+00  0.00E+00
3637.5  0.00E+00  0.00E+00
3638  0.00E+00  0.00E+00
3638.5  0.00E+00  0.00E+00
3639  0.00E+00  0.00E+00
3639.5  0.00E+00  0.00E+00
3640  0.00E+00  0.00E+00
3640.5  0.00E+00  0.00E+00
3641  0.00E+00  0.00E+00
3641.5  0.00E+00  0.00E+00
3642  0.00E+00  0.00E+00
3642.5  0.00E+00  0.00E+00
3643  0.00E+00  0.00E+00
3643.5  0.00E+00  0.00E+00
3644  0.00E+00  0.00E+00
3644.5  0.00E+00  0.00E+00
3645  0.00E+00  0.00E+00
3645.5  0.00E+00  0.00E+00
3646  0.00E+00  0.00E+00
3646.5  0.00E+00  0.00E+00
3647  0.00E+00  0.00E+00
3647.5  0.00E+00  0.00E+00
3648  0.00E+00  0.00E+00
3648.5  0.00E+00  0.00E+00
3649  0.00E+00  0.00E+00
3649.5  0.00E+00  0.00E+00
3650  0.00E+00  0.00E+00
3650.5  0.00E+00  0.00E+00
3651  0.00E+00  0.00E+00
3651.5  0.00E+00  0.00E+00
3652  0.00E+00  0.00E+00
3652.5  0.00E+00  0.00E+00
3653  0.00E+00  0.00E+00
3653.5  0.00E+00  0.00E+00
3654  0.00E+00  0.00E+00
3654.5  0.00E+00  0.00E+00
3655  0.00E+00  0.00E+00
3655.5  0.00E+00  0.00E+00
3656  0.00E+00  0.00E+00
3656.5  0.00E+00  0.00E+00
3657  0.00E+00  0.00E+00
3657.5  0.00E+00  0.00E+00
3658  0.00E+00  0.00E+00
3658.5  0.00E+00  0.00E+00
3659  0.00E+00  0.00E+00
3659.5  0.00E+00  0.00E+00
3660  0.00E+00  0.00E+00
3660.5  0.00E+00  0.00E+00
3661  0.00E+00  0.00E+00
3661.5  0.00E+00  0.00E+00
3662  0.00E+00  0.00E+00
3662.5  0.00E+00  0.00E+00
3663  0.00E+00  0.00E+00
3663.5  0.00E+00  0.00E+00
3664  0.00E+00  0.00E+00
3664.5  0.00E+00  0.00E+00
3665  0.00E+00  0.00E+00
3665.5  0.00E+00  0.00E+00
3666  0.00E+00  0.00E+00
3666.5  0.00E+00  0.00E+00
3667  0.00E+00  0.00E+00
3667.5  0.00E+00  0.00E+00
3668  0.00E+00  0.00E+00
3668.5  0.00E+00  0.00E+00
3669  0.00E+00  0.00E+00
3669.5  0.00E+00  0.00E+00
3670  0.00E+00  0.00E+00
3670.5  0.00E+00  0.00E+00
3671  0.00E+00  0.00E+00
3671.5  0.00E+00  0.00E+00
3672  0.00E+00  0.00E+00
3672.5  0.00E+00  0.00E+00
3673  0.00E+00  0.00E+00
3673.5  0.00E+00  0.00E+00
3674  0.00E+00  0.00E+00
3674.5  0.00E+00  0.00E+00
3675  0.00E+00  0.00E+00
3675.5  0.00E+00  0.00E+00
3676  0.00E+00  0.00E+00
3676.5  0.00E+00  0.00E+00
3677  0.00E+00  0.00E+00
3677.5  0.00E+00  0.00E+00
3678  0.00E+00  0.00E+00
3678.5  0.00E+00  0.00E+00
3679  0.00E+00  0.00E+00
3679.5  0.00E+00  0.00E+00
3680  0.00E+00  0.00E+00
3680.5  0.00E+00  0.00E+00
3681  0.00E+00  0.00E+00
3681.5  0.00E+00  0.00E+00
3682  0.00E+00  0.00E+00
3682.5  0.00E+00  0.00E+00
3683  0.00E+00  0.00E+00
3683.5  0.00E+00  0.00E+00
3684  0.00E+00  0.00E+00
3684.5  0.00E+00  0.00E+00
3685  0.00E+00  0.00E+00
3685.5  0.00E+00  0.00E+00
3686  0.00E+00  0.00E+00
3686.5  0.00E+00  0.00E+00
3687  0.00E+00  0.00E+00
3687.5  0.00E+00  0.00E+00
3688  0.00E+00  0.00E+00
3688.5  0.00E+00  0.00E+00
3689  0.00E+00  0.00E+00
3689.5  0.00E+00  0.00E+00
3690  0.00E+00  0.00E+00
3690.5  0.00E+00  0.00E+00
3691  0.00E+00  0.00E+00
3691.5  0.00E+00  0.00E+00
3692  0.00E+00  0.00E+00
3692.5  0.00E+00  0.00E+00
3693  0.00E+00  0.00E+00
3693.5  0.00E+00  0.00E+00
3694  0.00E+00  0.00E+00
3694.5  0.00E+00  0.00E+00
3695  0.00E+00  0.00E+00
3695.5  0.00E+00  0.00E+00
3696  0.00E+00  0.00E+00
3696.5  0.00E+00  0.00E+00
3697  0.00E+00  0.00E+00
3697.5  0.00E+00  0.00E+00
3698  0.00E+00  0.00E+00
3698.5  0.00E+00  0.00E+00
3699  0.00E+00  0.00E+00
3699.5  0.00E+00  0.00E+00
3700  0.00E+00  0.00E+00
3700.5  0.00E+00  0.00E+00
3701  0.00E+00  0.00E+00
3701.5  0.00E+00  0.00E+00
3702  0.00E+00  0.00E+00
3702.5  0.00E+00  0.00E+00
3703  0.00E+00  0.00E+00
3703.5  0.00E+00  0.00E+00
3704  0.00E+00  0.00E+00
3704.5  0.00E+00  0.00E+00
3705  0.00E+00  0.00E+00
3705.5  0.00E+00  0.00E+00
3706  0.00E+00  0.00E+00
3706.5  0.00E+00  0.00E+00
3707  0.00E+00  0.00E+00
3707.5  0.00E+00  0.00E+00
3708  0.00E+00  0.00E+00
3708.5  0.00E+00  0.00E+00
3709  0.00E+00  0.00E+00
3709.5  0.00E+00  0.00E+00
3710  0.00E+00  0.00E+00
3710.5  0.00E+00  0.00E+00
3711  0.00E+00  0.00E+00
3711.5  0.00E+00  0.00E+00
3712  0.00E+00  0.00E+00
3712.5  0.00E+00  0.00E+00
3713  0.00E+00  0.00E+00
3713.5  0.00E+00  0.00E+00
3714  0.00E+00  0.00E+00
3714.5  0.00E+00  0.00E+00
3715  0.00E+00  0.00E+00
3715.5  0.00E+00  0.00E+00
3716  0.00E+00  0.00E+00
3716.5  0.00E+00  0.00E+00
3717  0.00E+00  0.00E+00
3717.5  0.00E+00  0.00E+00
3718  0.00E+00  0.00E+00
3718.5  0.00E+00  0.00E+00
3719  0.00E+00  0.00E+00
3719.5  0.00E+00  0.00E+00
3720  0.00E+00  0.00E+00
3720.5  0.00E+00  0.00E+00
3721  0.00E+00  0.00E+00
3721.5  0.00E+00  0.00E+00
3722  0.00E+00  0.00E+00
3722.5  0.00E+00  0.00E+00
3723  0.00E+00  0.00E+00
3723.5  0.00E+00  0.00E+00
3724  0.00E+00  0.00E+00
3724.5  0.00E+00  0.00E+00
3725  0.00E+00  0.00E+00
3725.5  0.00E+00  0.00E+00
3726  0.00E+00  0.00E+00
3726.5  0.00E+00  0.00E+00
3727  0.00E+00  0.00E+00
3727.5  0.00E+00  0.00E+00
3728  0.00E+00  0.00E+00
3728.5  0.00E+00  0.00E+00
3729  0.00E+00  0.00E+00
3729.5  0.00E+00  0.00E+00
3730  0.00E+00  0.00E+00
3730.5  0.00E+00  0.00E+00
3731  0.00E+00  0.00E+00
3731.5  0.00E+00  0.00E+00
3732  0.00E+00  0.00E+00
3732.5  0.00E+00  0.00E+00
3733  0.00E+00  0.00E+00
3733.5  0.00E+00  0.00E+00
3734  0.00E+00  0.00E+00
3734.5  0.00E+00  0.00E+00
3735  0.00E+00  0.00E+00
3735.5  0.00E+00  0.00E+00
3736  0.00E+00  0.00E+00
3736.5  0.00E+00  0.00E+00
3737  0.00E+00  0.00E+00
3737.5  0.00E+00  0.00E+00
3738  0.00E+00  0.00E+00
3738.5  0.00E+00  0.00E+00
3739  0.00E+00  0.00E+00
3739.5  0.00E+00  0.00E+00
3740  0.00E+00  0.00E+00
3740.5  0.00E+00  0.00E+00
3741  0.00E+00  0.00E+00
3741.5  0.00E+00  0.00E+00
3742  0.00E+00  0.00E+00
3742.5  0.00E+00  0.00E+00
3743  0.00E+00  0.00E+00
3743.5  0.00E+00  0.00E+00
3744  0.00E+00  0.00E+00
3744.5  0.00E+00  0.00E+00
3745  0.00E+00  0.00E+00
3745.5  0.00E+00  0.00E+00
3746  0.00E+00  0.00E+00
3746.5  0.00E+00  0.00E+00
3747  0.00E+00  0.00E+00
3747.5  0.00E+00  0.00E+00
3748  0.00E+00  0.00E+00
3748.5  0.00E+00  0.00E+00
3749  0.00E+00  0.00E+00
3749.5  0.00E+00  0.00E+00
3750  0.00E+00  0.00E+00
3750.5  0.00E+00  0.00E+00
3751  0.00E+00  0.00E+00
3751.5  0.00E+00  0.00E+00
3752  0.00E+00  0.00E+00
3752.5  0.00E+00  0.00E+00
3753  0.00E+00  0.00E+00
3753.5  0.00E+00  0.00E+00
3754  0.00E+00  0.00E+00
3754.5  0.00E+00  0.00E+00
3755  0.00E+00  0.00E+00
3755.5  0.00E+00  0.00E+00
3756  0.00E+00  0.00E+00
3756.5  0.00E+00  0.00E+00
3757  0.00E+00  0.00E+00
3757.5  0.00E+00  0.00E+00
3758  0.00E+00  0.00E+00
3758.5  0.00E+00  0.00E+00
3759  0.00E+00  0.00E+00
3759.5  0.00E+00  0.00E+00
3760  0.00E+00  0.00E+00
3760.5  0.00E+00  0.00E+00
3761  0.00E+00  0.00E+00
3761.5  0.00E+00  0.00E+00
3762  0.00E+00  0.00E+00
3762.5  0.00E+00  0.00E+00
3763  0.00E+00  0.00E+00
3763.5  0.00E+00  0.00E+00
3764  0.00E+00  0.00E+00
3764.5  0.00E+00  0.00E+00
3765  0.00E+00  0.00E+00
3765.5  0.00E+00  0.00E+00
3766  0.00E+00  0.00E+00
3766.5  0.00E+00  0.00E+00
3767  0.00E+00  0.00E+00
3767.5  0.00E+00  0.00E+00
3768  0.00E+00  0.00E+00
3768.5  0.00E+00  0.00E+00
3769  0.00E+00  0.00E+00
3769.5  0.00E+00  0.00E+00
3770  0.00E+00  0.00E+00
3770.5  0.00E+00  0.00E+00
3771  0.00E+00  0.00E+00
3771.5  0.00E+00  0.00E+00
3772  0.00E+00  0.00E+00
3772.5  0.00E+00  0.00E+00
3773  0.00E+00  0.00E+00
3773.5  0.00E+00  0.00E+00
3774  0.00E+00  0.00E+00
3774.5  0.00E+00  0.00E+00
3775  0.00E+00  0.00E+00
3775.5  0.00E+00  0.00E+00
3776  0.00E+00  0.00E+00
3776.5  0.00E+00  0.00E+00
3777  0.00E+00  0.00E+00
3777.5  0.00E+00  0.00E+00
3778  0.00E+00  0.00E+00
3778.5  0.00E+00  0.00E+00
3779  0.00E+00  0.00E+00
3779.5  0.00E+00  0.00E+00
3780  0.00E+00  0.00E+00
3780.5  0.00E+00  0.00E+00
3781  0.00E+00  0.00E+00
3781.5  0.00E+00  0.00E+00
3782  0.00E+00  0.00E+00
3782.5  0.00E+00  0.00E+00
3783  0.00E+00  0.00E+00
3783.5  0.00E+00  0.00E+00
3784  0.00E+00  0.00E+00
3784.5  0.00E+00  0.00E+00
3785  0.00E+00  0.00E+00
3785.5  0.00E+00  0.00E+00
3786  0.00E+00  0.00E+00
3786.5  0.00E+00  0.00E+00
3787  0.00E+00  0.00E+00
3787.5  0.00E+00  0.00E+00
3788  0.00E+00  0.00E+00
3788.5  0.00E+00  0.00E+00
3789  0.00E+00  0.00E+00
3789.5  0.00E+00  0.00E+00
3790  0.00E+00  0.00E+00
3790.5  0.00E+00  0.00E+00
3791  0.00E+00  0.00E+00
3791.5  0.00E+00  0.00E+00
3792  0.00E+00  0.00E+00
3792.5  0.00E+00  0.00E+00
3793  0.00E+00  0.00E+00
3793.5  0.00E+00  0.00E+00
3794  0.00E+00  0.00E+00
3794.5  0.00E+00  0.00E+00
3795  0.00E+00  0.00E+00
3795.5  0.00E+00  0.00E+00
3796  0.00E+00  0.00E+00
3796.5  0.00E+00  0.00E+00
3797  0.00E+00  0.00E+00
3797.5  0.00E+00  0.00E+00
3798  0.00E+00  0.00E+00
3798.5  0.00E+00  0.00E+00
3799  0.00E+00  0.00E+00
3799.5  0.00E+00  0.00E+00
3800  0.00E+00  0.00E+00
3800.5  0.00E+00  0.00E+00
3801  0.00E+00  0.00E+00
3801.5  0.00E+00  0.00E+00
3802  0.00E+00  0.00E+00
3802.5  0.00E+00  0.00E+00
3803  0.00E+00  0.00E+00
3803.5  0.00E+00  0.00E+00
3804  0.00E+00  0.00E+00
3804.5  0.00E+00  0.00E+00
3805  0.00E+00  0.00E+00
3805.5  0.00E+00  0.00E+00
3806  0.00E+00  0.00E+00
3806.5  0.00E+00  0.00E+00
3807  0.00E+00  0.00E+00
3807.5  0.00E+00  0.00E+00
3808  0.00E+00  0.00E+00
3808.5  0.00E+00  0.00E+00
3809  0.00E+00  0.00E+00
3809.5  0.00E+00  0.00E+00
3810  0.00E+00  0.00E+00
3810.5  0.00E+00  0.00E+00
3811  0.00E+00  0.00E+00
3811.5  0.00E+00  0.00E+00
3812  0.00E+00  0.00E+00
3812.5  0.00E+00  0.00E+00
3813  0.00E+00  0.00E+00
3813.5  0.00E+00  0.00E+00
3814  0.00E+00  0.00E+00
3814.5  0.00E+00  0.00E+00
3815  0.00E+00  0.00E+00
3815.5  0.00E+00  0.00E+00
3816  0.00E+00  0.00E+00
3816.5  0.00E+00  0.00E+00
3817  0.00E+00  0.00E+00
3817.5  0.00E+00  0.00E+00
3818  0.00E+00  0.00E+00
3818.5  0.00E+00  0.00E+00
3819  0.00E+00  0.00E+00
3819.5  0.00E+00  0.00E+00
3820  0.00E+00  0.00E+00
3820.5  0.00E+00  0.00E+00
3821  0.00E+00  0.00E+00
3821.5  0.00E+00  0.00E+00
3822  0.00E+00  0.00E+00
3822.5  0.00E+00  0.00E+00
3823  0.00E+00  0.00E+00
3823.5  0.00E+00  0.00E+00
3824  0.00E+00  0.00E+00
3824.5  0.00E+00  0.00E+00
3825  0.00E+00  0.00E+00
3825.5  0.00E+00  0.00E+00
3826  0.00E+00  0.00E+00
3826.5  0.00E+00  0.00E+00
3827  0.00E+00  0.00E+00
3827.5  0.00E+00  0.00E+00
3828  0.00E+00  0.00E+00
3828.5  0.00E+00  0.00E+00
3829  0.00E+00  0.00E+00
3829.5  0.00E+00  0.00E+00
3830  0.00E+00  0.00E+00
3830.5  0.00E+00  0.00E+00
3831  0.00E+00  0.00E+00
3831.5  0.00E+00  0.00E+00
3832  0.00E+00  0.00E+00
3832.5  0.00E+00  0.00E+00
3833  0.00E+00  0.00E+00
3833.5  0.00E+00  0.00E+00
3834  0.00E+00  0.00E+00
3834.5  0.00E+00  0.00E+00
3835  0.00E+00  0.00E+00
3835.5  0.00E+00  0.00E+00
3836  0.00E+00  0.00E+00
3836.5  0.00E+00  0.00E+00
3837  0.00E+00  0.00E+00
3837.5  0.00E+00  0.00E+00
3838  0.00E+00  0.00E+00
3838.5  0.00E+00  0.00E+00
3839  0.00E+00  0.00E+00
3839.5  0.00E+00  0.00E+00
3840  0.00E+00  0.00E+00
3840.5  0.00E+00  0.00E+00
3841  0.00E+00  0.00E+00
3841.5  0.00E+00  0.00E+00
3842  0.00E+00  0.00E+00
3842.5  0.00E+00  0.00E+00
3843  0.00E+00  0.00E+00
3843.5  0.00E+00  0.00E+00
3844  0.00E+00  0.00E+00
3844.5  0.00E+00  0.00E+00
3845  0.00E+00  0.00E+00
3845.5  0.00E+00  0.00E+00
3846  0.00E+00  0.00E+00
3846.5  0.00E+00  0.00E+00
3847  0.00E+00  0.00E+00
3847.5  0.00E+00  0.00E+00
3848  0.00E+00  0.00E+00
3848.5  0.00E+00  0.00E+00
3849  0.00E+00  0.00E+00
3849.5  0.00E+00  0.00E+00
3850  0.00E+00  0.00E+00
3850.5  0.00E+00  0.00E+00
3851  0.00E+00  0.00E+00
3851.5  0.00E+00  0.00E+00
3852  0.00E+00  0.00E+00
3852.5  0.00E+00  0.00E+00
3853  0.00E+00  0.00E+00
3853.5  0.00E+00  0.00E+00
3854  0.00E+00  0.00E+00
3854.5  0.00E+00  0.00E+00
3855  0.00E+00  0.00E+00
3855.5  0.00E+00  0.00E+00
3856  0.00E+00  0.00E+00
3856.5  0.00E+00  0.00E+00
3857  0.00E+00  0.00E+00
3857.5  0.00E+00  0.00E+00
3858  0.00E+00  0.00E+00
3858.5  0.00E+00  0.00E+00
3859  0.00E+00  0.00E+00
3859.5  0.00E+00  0.00E+00
3860  0.00E+00  0.00E+00
3860.5  0.00E+00  0.00E+00
3861  0.00E+00  0.00E+00
3861.5  0.00E+00  0.00E+00
3862  0.00E+00  0.00E+00
3862.5  0.00E+00  0.00E+00
3863  0.00E+00  0.00E+00
3863.5  0.00E+00  0.00E+00
3864  0.00E+00  0.00E+00
3864.5  0.00E+00  0.00E+00
3865  0.00E+00  0.00E+00
3865.5  0.00E+00  0.00E+00
3866  0.00E+00  0.00E+00
3866.5  0.00E+00  0.00E+00
3867  0.00E+00  0.00E+00
3867.5  0.00E+00  0.00E+00
3868  0.00E+00  0.00E+00
3868.5  0.00E+00  0.00E+00
3869  0.00E+00  0.00E+00
3869.5  0.00E+00  0.00E+00
3870  0.00E+00  0.00E+00
3870.5  0.00E+00  0.00E+00
3871  0.00E+00  0.00E+00
3871.5  0.00E+00  0.00E+00
3872  0.00E+00  0.00E+00
3872.5  0.00E+00  0.00E+00
3873  0.00E+00  0.00E+00
3873.5  0.00E+00  0.00E+00
3874  0.00E+00  0.00E+00
3874.5  0.00E+00  0.00E+00
3875  0.00E+00  0.00E+00
3875.5  0.00E+00  0.00E+00
3876  0.00E+00  0.00E+00
3876.5  0.00E+00  0.00E+00
3877  0.00E+00  0.00E+00
3877.5  0.00E+00  0.00E+00
3878  0.00E+00  0.00E+00
3878.5  0.00E+00  0.00E+00
3879  0.00E+00  0.00E+00
3879.5  0.00E+00  0.00E+00
3880  0.00E+00  0.00E+00
3880.5  0.00E+00  0.00E+00
3881  0.00E+00  0.00E+00
3881.5  0.00E+00  0.00E+00
3882  0.00E+00  0.00E+00
3882.5  0.00E+00  0.00E+00
3883  0.00E+00  0.00E+00
3883.5  0.00E+00  0.00E+00
3884  0.00E+00  0.00E+00
3884.5  0.00E+00  0.00E+00
3885  0.00E+00  0.00E+00
3885.5  0.00E+00  0.00E+00
3886  0.00E+00  0.00E+00
3886.5  0.00E+00  0.00E+00
3887  0.00E+00  0.00E+00
3887.5  0.00E+00  0.00E+00
3888  0.00E+00  0.00E+00
3888.5  0.00E+00  0.00E+00
3889  0.00E+00  0.00E+00
3889.5  0.00E+00  0.00E+00
3890  0.00E+00  0.00E+00
3890.5  0.00E+00  0.00E+00
3891  0.00E+00  0.00E+00
3891.5  0.00E+00  0.00E+00
3892  0.00E+00  0.00E+00
3892.5  0.00E+00  0.00E+00
3893  0.00E+00  0.00E+00
3893.5  0.00E+00  0.00E+00
3894  0.00E+00  0.00E+00
3894.5  0.00E+00  0.00E+00
3895  0.00E+00  0.00E+00
3895.5  0.00E+00  0.00E+00
3896  0.00E+00  0.00E+00
3896.5  0.00E+00  0.00E+00
3897  0.00E+00  0.00E+00
3897.5  0.00E+00  0.00E+00
3898  0.00E+00  0.00E+00
3898.5  0.00E+00  0.00E+00
3899  0.00E+00  0.00E+00
3899.5  0.00E+00  0.00E+00
3900  0.00E+00  0.00E+00
3900.5  0.00E+00  0.00E+00
3901  0.00E+00  0.00E+00
3901.5  0.00E+00  0.00E+00
3902  0.00E+00  0.00E+00
3902.5  0.00E+00  0.00E+00
3903  0.00E+00  0.00E+00
3903.5  0.00E+00  0.00E+00
3904  0.00E+00  0.00E+00
3904.5  0.00E+00  0.00E+00
3905  0.00E+00  0.00E+00
3905.5  0.00E+00  0.00E+00
3906  0.00E+00  0.00E+00
3906.5  0.00E+00  0.00E+00
3907  0.00E+00  0.00E+00
3907.5  0.00E+00  0.00E+00
3908  0.00E+00  0.00E+00
3908.5  0.00E+00  0.00E+00
3909  0.00E+00  0.00E+00
3909.5  0.00E+00  0.00E+00
3910  0.00E+00  0.00E+00
3910.5  0.00E+00  0.00E+00
3911  0.00E+00  0.00E+00
3911.5  0.00E+00  0.00E+00
3912  0.00E+00  0.00E+00
3912.5  0.00E+00  0.00E+00
3913  0.00E+00  0.00E+00
3913.5  0.00E+00  0.00E+00
3914  0.00E+00  0.00E+00
3914.5  0.00E+00  0.00E+00
3915  0.00E+00  0.00E+00
3915.5  0.00E+00  0.00E+00
3916  0.00E+00  0.00E+00
3916.5  0.00E+00  0.00E+00
3917  0.00E+00  0.00E+00
3917.5  0.00E+00  0.00E+00
3918  0.00E+00  0.00E+00
3918.5  0.00E+00  0.00E+00
3919  0.00E+00  0.00E+00
3919.5  0.00E+00  0.00E+00
3920  0.00E+00  0.00E+00
3920.5  0.00E+00  0.00E+00
3921  0.00E+00  0.00E+00
3921.5  0.00E+00  0.00E+00
3922  0.00E+00  0.00E+00
3922.5  0.00E+00  0.00E+00
3923  0.00E+00  0.00E+00
3923.5  0.00E+00  0.00E+00
3924  0.00E+00  0.00E+00
3924.5  0.00E+00  0.00E+00
3925  0.00E+00  0.00E+00
3925.5  0.00E+00  0.00E+00
3926  0.00E+00  0.00E+00
3926.5  0.00E+00  0.00E+00
3927  0.00E+00  0.00E+00
3927.5  0.00E+00  0.00E+00
3928  0.00E+00  0.00E+00
3928.5  0.00E+00  0.00E+00
3929  0.00E+00  0.00E+00
3929.5  0.00E+00  0.00E+00
3930  0.00E+00  0.00E+00
3930.5  0.00E+00  0.00E+00
3931  0.00E+00  0.00E+00
3931.5  0.00E+00  0.00E+00
3932  0.00E+00  0.00E+00
3932.5  0.00E+00  0.00E+00
3933  0.00E+00  0.00E+00
3933.5  0.00E+00  0.00E+00
3934  0.00E+00  0.00E+00
3934.5  0.00E+00  0.00E+00
3935  0.00E+00  0.00E+00
3935.5  0.00E+00  0.00E+00
3936  0.00E+00  0.00E+00
3936.5  0.00E+00  0.00E+00
3937  0.00E+00  0.00E+00
3937.5  0.00E+00  0.00E+00
3938  0.00E+00  0.00E+00
3938.5  0.00E+00  0.00E+00
3939  0.00E+00  0.00E+00
3939.5  0.00E+00  0.00E+00
3940  0.00E+00  0.00E+00
3940.5  0.00E+00  0.00E+00
3941  0.00E+00  0.00E+00
3941.5  0.00E+00  0.00E+00
3942  0.00E+00  0.00E+00
3942.5  0.00E+00  0.00E+00
3943  0.00E+00  0.00E+00
3943.5  0.00E+00  0.00E+00
3944  0.00E+00  0.00E+00
3944.5  0.00E+00  0.00E+00
3945  0.00E+00  0.00E+00
3945.5  0.00E+00  0.00E+00
3946  0.00E+00  0.00E+00
3946.5  0.00E+00  0.00E+00
3947  0.00E+00  0.00E+00
3947.5  0.00E+00  0.00E+00
3948  0.00E+00  0.00E+00
3948.5  0.00E+00  0.00E+00
3949  0.00E+00  0.00E+00
3949.5  0.00E+00  0.00E+00
3950  0.00E+00  0.00E+00
3950.5  0.00E+00  0.00E+00
3951  0.00E+00  0.00E+00
3951.5  0.00E+00  0.00E+00
3952  0.00E+00  0.00E+00
3952.5  0.00E+00  0.00E+00
3953  0.00E+00  0.00E+00
3953.5  0.00E+00  0.00E+00
3954  0.00E+00  0.00E+00
3954.5  0.00E+00  0.00E+00
3955  0.00E+00  0.00E+00
3955.5  0.00E+00  0.00E+00
3956  0.00E+00  0.00E+00
3956.5  0.00E+00  0.00E+00
3957  0.00E+00  0.00E+00
3957.5  0.00E+00  0.00E+00
3958  0.00E+00  0.00E+00
3958.5  0.00E+00  0.00E+00
3959  0.00E+00  0.00E+00
3959.5  0.00E+00  0.00E+00
3960  0.00E+00  0.00E+00
3960.5  0.00E+00  0.00E+00
3961  0.00E+00  0.00E+00
3961.5  0.00E+00  0.00E+00
3962  0.00E+00  0.00E+00
3962.5  0.00E+00  0.00E+00
3963  0.00E+00  0.00E+00
3963.5  0.00E+00  0.00E+00
3964  0.00E+00  0.00E+00
3964.5  0.00E+00  0.00E+00
3965  0.00E+00  0.00E+00
3965.5  0.00E+00  0.00E+00
3966  0.00E+00  0.00E+00
3966.5  0.00E+00  0.00E+00
3967  0.00E+00  0.00E+00
3967.5  0.00E+00  0.00E+00
3968  0.00E+00  0.00E+00
3968.5  0.00E+00  0.00E+00
3969  0.00E+00  0.00E+00
3969.5  0.00E+00  0.00E+00
3970  0.00E+00  0.00E+00
3970.5  0.00E+00  0.00E+00
3971  0.00E+00  0.00E+00
3971.5  0.00E+00  0.00E+00
3972  0.00E+00  0.00E+00
3972.5  0.00E+00  0.00E+00
3973  0.00E+00  0.00E+00
3973.5  0.00E+00  0.00E+00
3974  0.00E+00  0.00E+00
3974.5  0.00E+00  0.00E+00
3975  0.00E+00  0.00E+00
3975.5  0.00E+00  0.00E+00
3976  0.00E+00  0.00E+00
3976.5  0.00E+00  0.00E+00
3977  0.00E+00  0.00E+00
3977.5  0.00E+00  0.00E+00
3978  0.00E+00  0.00E+00
3978.5  0.00E+00  0.00E+00
3979  0.00E+00  0.00E+00
3979.5  0.00E+00  0.00E+00
3980  0.00E+00  0.00E+00
3980.5  0.00E+00  0.00E+00
3981  0.00E+00  0.00E+00
3981.5  0.00E+00  0.00E+00
3982  0.00E+00  0.00E+00
3982.5  0.00E+00  0.00E+00
3983  0.00E+00  0.00E+00
3983.5  0.00E+00  0.00E+00
3984  0.00E+00  0.00E+00
3984.5  0.00E+00  0.00E+00
3985  0.00E+00  0.00E+00
3985.5  0.00E+00  0.00E+00
3986  0.00E+00  0.00E+00
3986.5  0.00E+00  0.00E+00
3987  0.00E+00  0.00E+00
3987.5  0.00E+00  0.00E+00
3988  0.00E+00  0.00E+00
3988.5  0.00E+00  0.00E+00
3989  0.00E+00  0.00E+00
3989.5  0.00E+00  0.00E+00
3990  0.00E+00  0.00E+00
3990.5  0.00E+00  0.00E+00
3991  0.00E+00  0.00E+00
3991.5  0.00E+00  0.00E+00
3992  0.00E+00  0.00E+00
3992.5  0.00E+00  0.00E+00
3993  0.00E+00  0.00E+00
3993.5  0.00E+00  0.00E+00
3994  0.00E+00  0.00E+00
3994.5  0.00E+00  0.00E+00
3995  0.00E+00  0.00E+00
3995.5  0.00E+00  0.00E+00
3996  0.00E+00  0.00E+00
3996.5  0.00E+00  0.00E+00
3997  0.00E+00  0.00E+00
3997.5  0.00E+00  0.00E+00
3998  0.00E+00  0.00E+00
3998.5  0.00E+00  0.00E+00
3999  0.00E+00  0.00E+00
3999.5  0.00E+00  0.00E+00
4000  0.00E+00  0.00E+00
